,false_positives,false_negatives,gamma
0,1.0,0.0,-7.0
1,1.0,0.0,-6.987987987987988
2,1.0,0.0,-6.975975975975976
3,1.0,0.0,-6.963963963963964
4,1.0,0.0,-6.951951951951952
5,1.0,0.0,-6.93993993993994
6,1.0,0.0,-6.927927927927928
7,1.0,0.0,-6.915915915915916
8,1.0,0.0,-6.903903903903904
9,1.0,0.0,-6.891891891891892
10,1.0,0.0,-6.87987987987988
11,1.0,0.0,-6.867867867867868
12,1.0,0.0,-6.8558558558558556
13,1.0,0.0,-6.843843843843844
14,1.0,0.0,-6.831831831831832
15,1.0,0.0,-6.81981981981982
16,1.0,0.0,-6.807807807807808
17,1.0,0.0,-6.7957957957957955
18,1.0,0.0,-6.783783783783784
19,1.0,0.0,-6.771771771771772
20,1.0,0.0,-6.75975975975976
21,1.0,0.0,-6.747747747747748
22,0.9998333333333334,0.0,-6.7357357357357355
23,0.9996666666666667,0.0,-6.723723723723724
24,0.9996666666666667,0.0,-6.711711711711712
25,0.9996666666666667,0.0,-6.6996996996997
26,0.9996666666666667,0.0,-6.687687687687688
27,0.9996666666666667,0.0,-6.675675675675675
28,0.9996666666666667,0.0,-6.663663663663664
29,0.9996666666666667,0.0,-6.651651651651652
30,0.9995,0.0,-6.63963963963964
31,0.9995,0.0,-6.627627627627628
32,0.9995,0.0,-6.615615615615615
33,0.9995,0.0,-6.603603603603603
34,0.9995,0.0,-6.591591591591592
35,0.9995,0.0,-6.57957957957958
36,0.9995,0.0,-6.5675675675675675
37,0.9995,0.0,-6.555555555555555
38,0.9995,0.0,-6.543543543543543
39,0.9995,0.0,-6.531531531531532
40,0.9995,0.0,-6.51951951951952
41,0.9995,0.0,-6.5075075075075075
42,0.9995,0.0,-6.495495495495495
43,0.9995,0.0,-6.483483483483483
44,0.9995,0.0,-6.471471471471472
45,0.9995,0.0,-6.45945945945946
46,0.9995,0.0,-6.4474474474474475
47,0.9995,0.0,-6.435435435435435
48,0.9995,0.0,-6.423423423423423
49,0.9995,0.0,-6.411411411411412
50,0.9995,0.0,-6.3993993993994
51,0.9995,0.0,-6.387387387387387
52,0.9995,0.0,-6.375375375375375
53,0.9993333333333333,0.0,-6.363363363363363
54,0.9993333333333333,0.0,-6.351351351351351
55,0.9993333333333333,0.0,-6.33933933933934
56,0.9993333333333333,0.0,-6.327327327327327
57,0.9993333333333333,0.0,-6.315315315315315
58,0.9993333333333333,0.0,-6.303303303303303
59,0.9993333333333333,0.0,-6.291291291291291
60,0.9993333333333333,0.0,-6.2792792792792795
61,0.9993333333333333,0.0,-6.267267267267267
62,0.9993333333333333,0.0,-6.255255255255255
63,0.9993333333333333,0.0,-6.243243243243243
64,0.9993333333333333,0.0,-6.231231231231231
65,0.9993333333333333,0.0,-6.2192192192192195
66,0.9993333333333333,0.0,-6.207207207207207
67,0.9993333333333333,0.0,-6.195195195195195
68,0.9993333333333333,0.0,-6.183183183183183
69,0.9993333333333333,0.0,-6.171171171171171
70,0.9993333333333333,0.0,-6.1591591591591595
71,0.9993333333333333,0.0,-6.147147147147147
72,0.9993333333333333,0.0,-6.135135135135135
73,0.9993333333333333,0.0,-6.123123123123123
74,0.9993333333333333,0.0,-6.111111111111111
75,0.9993333333333333,0.0,-6.099099099099099
76,0.9993333333333333,0.0,-6.087087087087087
77,0.9993333333333333,0.0,-6.075075075075075
78,0.9993333333333333,0.0,-6.063063063063063
79,0.9993333333333333,0.0,-6.051051051051051
80,0.9993333333333333,0.0,-6.039039039039039
81,0.9993333333333333,0.0,-6.027027027027027
82,0.9993333333333333,0.0,-6.015015015015015
83,0.9993333333333333,0.0,-6.003003003003003
84,0.9993333333333333,0.0,-5.990990990990991
85,0.9993333333333333,0.0,-5.978978978978979
86,0.9993333333333333,0.0,-5.966966966966967
87,0.9993333333333333,0.0,-5.954954954954955
88,0.9993333333333333,0.0,-5.942942942942943
89,0.9993333333333333,0.0,-5.930930930930931
90,0.9991666666666666,0.0,-5.918918918918919
91,0.999,0.0,-5.906906906906907
92,0.9988333333333334,0.0,-5.894894894894895
93,0.9988333333333334,0.0,-5.882882882882883
94,0.9988333333333334,0.0,-5.870870870870871
95,0.9988333333333334,0.0,-5.858858858858859
96,0.9988333333333334,0.0,-5.846846846846847
97,0.9988333333333334,0.0,-5.834834834834835
98,0.9988333333333334,0.0,-5.822822822822823
99,0.9988333333333334,0.0,-5.8108108108108105
100,0.9986666666666667,0.0,-5.798798798798799
101,0.9986666666666667,0.0,-5.786786786786787
102,0.9986666666666667,0.0,-5.774774774774775
103,0.9986666666666667,0.0,-5.762762762762763
104,0.9986666666666667,0.0,-5.7507507507507505
105,0.9983333333333333,0.0,-5.738738738738739
106,0.9983333333333333,0.0,-5.726726726726727
107,0.9983333333333333,0.0,-5.714714714714715
108,0.9983333333333333,0.0,-5.702702702702703
109,0.9983333333333333,0.0,-5.6906906906906904
110,0.9983333333333333,0.0,-5.678678678678679
111,0.9981666666666666,0.0,-5.666666666666667
112,0.9981666666666666,0.0,-5.654654654654655
113,0.9981666666666666,0.0,-5.642642642642643
114,0.9981666666666666,0.0,-5.63063063063063
115,0.9981666666666666,0.0,-5.618618618618619
116,0.9981666666666666,0.0,-5.606606606606607
117,0.9981666666666666,0.0,-5.594594594594595
118,0.9981666666666666,0.0,-5.5825825825825826
119,0.9981666666666666,0.0,-5.57057057057057
120,0.9981666666666666,0.0,-5.558558558558559
121,0.9981666666666666,0.0,-5.546546546546547
122,0.9981666666666666,0.0,-5.534534534534535
123,0.998,0.0,-5.5225225225225225
124,0.998,0.0,-5.51051051051051
125,0.998,0.0,-5.498498498498499
126,0.9978333333333333,0.0,-5.486486486486486
127,0.9978333333333333,0.0,-5.474474474474475
128,0.9978333333333333,0.0,-5.4624624624624625
129,0.9976666666666667,0.0,-5.45045045045045
130,0.9976666666666667,0.0,-5.438438438438439
131,0.9975,0.0,-5.426426426426426
132,0.9973333333333333,0.0,-5.414414414414415
133,0.9973333333333333,0.0,-5.402402402402402
134,0.9973333333333333,0.0,-5.39039039039039
135,0.9971666666666666,0.0,-5.378378378378378
136,0.997,0.0,-5.366366366366366
137,0.997,0.0,-5.354354354354355
138,0.997,0.0,-5.342342342342342
139,0.997,0.0,-5.33033033033033
140,0.9968333333333333,0.0,-5.318318318318318
141,0.9968333333333333,0.0,-5.306306306306306
142,0.9968333333333333,0.0,-5.2942942942942945
143,0.9968333333333333,0.0,-5.282282282282282
144,0.9966666666666667,0.0,-5.27027027027027
145,0.9966666666666667,0.0,-5.258258258258258
146,0.9966666666666667,0.0,-5.246246246246246
147,0.9966666666666667,0.0,-5.2342342342342345
148,0.9966666666666667,0.0,-5.222222222222222
149,0.9966666666666667,0.0,-5.21021021021021
150,0.9966666666666667,0.0,-5.198198198198198
151,0.9965,0.0,-5.186186186186186
152,0.9965,0.0,-5.1741741741741745
153,0.9965,0.0,-5.162162162162162
154,0.9963333333333333,0.0,-5.15015015015015
155,0.9963333333333333,0.0,-5.138138138138138
156,0.9961666666666666,0.0,-5.126126126126126
157,0.996,0.0,-5.114114114114114
158,0.9955,0.0,-5.102102102102102
159,0.9955,0.0,-5.09009009009009
160,0.9953333333333333,0.00025,-5.078078078078078
161,0.9953333333333333,0.00025,-5.066066066066066
162,0.9953333333333333,0.00025,-5.054054054054054
163,0.9953333333333333,0.00025,-5.042042042042042
164,0.9951666666666666,0.00025,-5.03003003003003
165,0.995,0.00025,-5.018018018018018
166,0.9948333333333333,0.00025,-5.006006006006006
167,0.9948333333333333,0.00025,-4.993993993993994
168,0.9945,0.00025,-4.981981981981982
169,0.994,0.00025,-4.96996996996997
170,0.994,0.00025,-4.957957957957958
171,0.9938333333333333,0.00025,-4.945945945945946
172,0.9938333333333333,0.00025,-4.933933933933934
173,0.9938333333333333,0.00025,-4.921921921921922
174,0.9938333333333333,0.00025,-4.90990990990991
175,0.9936666666666667,0.00025,-4.897897897897898
176,0.9936666666666667,0.00025,-4.885885885885886
177,0.9933333333333333,0.00025,-4.873873873873874
178,0.9931666666666666,0.00025,-4.861861861861862
179,0.993,0.00025,-4.84984984984985
180,0.9928333333333333,0.00025,-4.837837837837838
181,0.9923333333333333,0.00025,-4.8258258258258255
182,0.9923333333333333,0.00025,-4.813813813813814
183,0.9923333333333333,0.00025,-4.801801801801801
184,0.9923333333333333,0.00025,-4.78978978978979
185,0.992,0.00025,-4.777777777777778
186,0.9915,0.00025,-4.7657657657657655
187,0.9913333333333333,0.00025,-4.753753753753754
188,0.991,0.00025,-4.741741741741741
189,0.9908333333333333,0.00025,-4.72972972972973
190,0.9908333333333333,0.00025,-4.717717717717718
191,0.9901666666666666,0.00025,-4.7057057057057055
192,0.9898333333333333,0.00025,-4.693693693693694
193,0.9898333333333333,0.00025,-4.681681681681681
194,0.9895,0.00025,-4.66966966966967
195,0.989,0.00025,-4.657657657657658
196,0.9881666666666666,0.00025,-4.645645645645645
197,0.9881666666666666,0.00025,-4.633633633633634
198,0.988,0.00025,-4.621621621621621
199,0.9876666666666667,0.00025,-4.60960960960961
200,0.9875,0.00025,-4.597597597597598
201,0.9873333333333333,0.00025,-4.585585585585585
202,0.9871666666666666,0.00025,-4.573573573573574
203,0.987,0.00025,-4.561561561561561
204,0.987,0.00025,-4.54954954954955
205,0.9866666666666667,0.00025,-4.5375375375375375
206,0.9865,0.00025,-4.525525525525525
207,0.9865,0.00025,-4.513513513513514
208,0.9861666666666666,0.00025,-4.501501501501501
209,0.986,0.00025,-4.48948948948949
210,0.9856666666666667,0.00025,-4.4774774774774775
211,0.9853333333333333,0.00025,-4.465465465465465
212,0.985,0.00025,-4.453453453453454
213,0.9848333333333333,0.00025,-4.441441441441441
214,0.9848333333333333,0.00025,-4.42942942942943
215,0.9843333333333333,0.00025,-4.4174174174174174
216,0.9843333333333333,0.00025,-4.405405405405405
217,0.9835,0.00025,-4.393393393393394
218,0.9831666666666666,0.00025,-4.381381381381381
219,0.983,0.00025,-4.36936936936937
220,0.9826666666666667,0.00025,-4.357357357357357
221,0.9821666666666666,0.00025,-4.345345345345345
222,0.982,0.00025,-4.333333333333334
223,0.9811666666666666,0.00025,-4.321321321321321
224,0.9805,0.00025,-4.3093093093093096
225,0.98,0.00025,-4.297297297297297
226,0.9798333333333333,0.0005,-4.285285285285285
227,0.9791666666666666,0.0005,-4.273273273273274
228,0.9788333333333333,0.0005,-4.261261261261261
229,0.9781666666666666,0.0005,-4.2492492492492495
230,0.9776666666666667,0.0005,-4.237237237237237
231,0.977,0.0005,-4.225225225225225
232,0.9766666666666667,0.0005,-4.213213213213214
233,0.9766666666666667,0.0005,-4.201201201201201
234,0.9765,0.0005,-4.1891891891891895
235,0.9761666666666666,0.0005,-4.177177177177177
236,0.9753333333333334,0.0005,-4.165165165165165
237,0.975,0.0005,-4.153153153153154
238,0.9745,0.0005,-4.141141141141141
239,0.9743333333333334,0.0005,-4.129129129129129
240,0.9738333333333333,0.0005,-4.117117117117117
241,0.9736666666666667,0.0005,-4.105105105105105
242,0.9728333333333333,0.0005,-4.093093093093094
243,0.9728333333333333,0.0005,-4.081081081081081
244,0.9726666666666667,0.0005,-4.069069069069069
245,0.9723333333333334,0.0005,-4.057057057057057
246,0.9716666666666667,0.0005,-4.045045045045045
247,0.9713333333333334,0.0005,-4.033033033033033
248,0.9708333333333333,0.0005,-4.021021021021021
249,0.9701666666666666,0.0005,-4.009009009009009
250,0.9696666666666667,0.0005,-3.996996996996997
251,0.9693333333333334,0.0005,-3.984984984984985
252,0.9688333333333333,0.0005,-3.972972972972973
253,0.9685,0.0005,-3.960960960960961
254,0.9683333333333334,0.0005,-3.948948948948949
255,0.9675,0.0005,-3.936936936936937
256,0.9671666666666666,0.0005,-3.924924924924925
257,0.9663333333333334,0.0005,-3.9129129129129128
258,0.9653333333333334,0.0005,-3.900900900900901
259,0.9646666666666667,0.0005,-3.888888888888889
260,0.9641666666666666,0.0005,-3.876876876876877
261,0.9635,0.0005,-3.864864864864865
262,0.963,0.0005,-3.8528528528528527
263,0.9621666666666666,0.0005,-3.840840840840841
264,0.9618333333333333,0.0005,-3.828828828828829
265,0.961,0.0005,-3.816816816816817
266,0.9605,0.0005,-3.804804804804805
267,0.9598333333333333,0.00075,-3.7927927927927927
268,0.9591666666666666,0.00075,-3.780780780780781
269,0.9583333333333334,0.001,-3.7687687687687688
270,0.958,0.001,-3.7567567567567566
271,0.9576666666666667,0.001,-3.744744744744745
272,0.957,0.001,-3.7327327327327327
273,0.9563333333333334,0.001,-3.720720720720721
274,0.9553333333333334,0.001,-3.7087087087087087
275,0.954,0.001,-3.6966966966966965
276,0.9536666666666667,0.001,-3.684684684684685
277,0.9531666666666667,0.00125,-3.6726726726726726
278,0.9523333333333334,0.00125,-3.660660660660661
279,0.951,0.00125,-3.6486486486486487
280,0.9506666666666667,0.00125,-3.6366366366366365
281,0.9503333333333334,0.00125,-3.6246246246246248
282,0.9496666666666667,0.00125,-3.6126126126126126
283,0.9493333333333334,0.00125,-3.600600600600601
284,0.9485,0.00125,-3.5885885885885886
285,0.9478333333333333,0.00125,-3.5765765765765765
286,0.946,0.0015,-3.5645645645645647
287,0.9445,0.0015,-3.5525525525525525
288,0.9438333333333333,0.0015,-3.5405405405405403
289,0.9433333333333334,0.0015,-3.5285285285285286
290,0.9418333333333333,0.00175,-3.5165165165165164
291,0.9413333333333334,0.00175,-3.5045045045045047
292,0.9395,0.00175,-3.4924924924924925
293,0.9385,0.00175,-3.4804804804804803
294,0.9371666666666667,0.00175,-3.4684684684684686
295,0.9363333333333334,0.002,-3.4564564564564564
296,0.9355,0.00225,-3.4444444444444446
297,0.9348333333333333,0.00225,-3.4324324324324325
298,0.934,0.00225,-3.4204204204204203
299,0.9325,0.0025,-3.4084084084084085
300,0.9313333333333333,0.00275,-3.3963963963963963
301,0.93,0.00275,-3.3843843843843846
302,0.9291666666666667,0.00275,-3.3723723723723724
303,0.928,0.00275,-3.3603603603603602
304,0.9276666666666666,0.003,-3.3483483483483485
305,0.9268333333333333,0.00325,-3.3363363363363363
306,0.9256666666666666,0.00325,-3.3243243243243246
307,0.9245,0.0035,-3.3123123123123124
308,0.9231666666666667,0.00375,-3.3003003003003
309,0.922,0.004,-3.2882882882882885
310,0.9196666666666666,0.004,-3.2762762762762763
311,0.9185,0.004,-3.264264264264264
312,0.9175,0.00425,-3.2522522522522523
313,0.9171666666666667,0.0045,-3.24024024024024
314,0.9153333333333333,0.0045,-3.2282282282282284
315,0.915,0.0045,-3.2162162162162162
316,0.9138333333333334,0.0045,-3.204204204204204
317,0.9123333333333333,0.0045,-3.1921921921921923
318,0.9111666666666667,0.00475,-3.18018018018018
319,0.9093333333333333,0.00475,-3.1681681681681684
320,0.9085,0.00475,-3.156156156156156
321,0.9073333333333333,0.00475,-3.144144144144144
322,0.9061666666666667,0.00475,-3.1321321321321323
323,0.904,0.00475,-3.12012012012012
324,0.9026666666666666,0.005,-3.1081081081081083
325,0.9001666666666667,0.00525,-3.096096096096096
326,0.8976666666666666,0.0055,-3.084084084084084
327,0.8963333333333333,0.00575,-3.0720720720720722
328,0.8951666666666667,0.00575,-3.06006006006006
329,0.8938333333333334,0.00575,-3.0480480480480483
330,0.8931666666666667,0.00575,-3.036036036036036
331,0.8911666666666667,0.00575,-3.024024024024024
332,0.8895,0.006,-3.012012012012012
333,0.889,0.006,-3.0
334,0.8875,0.006,-2.987987987987988
335,0.8858333333333334,0.006,-2.9759759759759756
336,0.8838333333333334,0.00625,-2.9639639639639643
337,0.8823333333333333,0.00625,-2.951951951951952
338,0.8811666666666667,0.00625,-2.93993993993994
339,0.8805,0.0065,-2.9279279279279278
340,0.8795,0.00675,-2.9159159159159156
341,0.8785,0.00675,-2.9039039039039043
342,0.8768333333333334,0.00675,-2.891891891891892
343,0.8748333333333334,0.00675,-2.87987987987988
344,0.8733333333333333,0.00675,-2.8678678678678677
345,0.8718333333333333,0.00675,-2.8558558558558556
346,0.8701666666666666,0.00675,-2.8438438438438443
347,0.8678333333333333,0.007,-2.831831831831832
348,0.8656666666666667,0.007,-2.81981981981982
349,0.8648333333333333,0.00725,-2.8078078078078077
350,0.8633333333333333,0.00725,-2.7957957957957955
351,0.8611666666666666,0.00725,-2.783783783783784
352,0.8596666666666667,0.00725,-2.771771771771772
353,0.8575,0.00725,-2.75975975975976
354,0.8563333333333333,0.00725,-2.7477477477477477
355,0.854,0.00725,-2.7357357357357355
356,0.8521666666666666,0.00725,-2.723723723723724
357,0.8508333333333333,0.00725,-2.711711711711712
358,0.849,0.0075,-2.6996996996997
359,0.8468333333333333,0.008,-2.6876876876876876
360,0.8451666666666666,0.008,-2.6756756756756754
361,0.843,0.00825,-2.663663663663664
362,0.8416666666666667,0.0085,-2.651651651651652
363,0.8396666666666667,0.0085,-2.6396396396396398
364,0.8385,0.00875,-2.6276276276276276
365,0.8371666666666666,0.009,-2.6156156156156154
366,0.8351666666666666,0.009,-2.603603603603603
367,0.8331666666666667,0.009,-2.591591591591592
368,0.8315,0.009,-2.5795795795795797
369,0.8303333333333334,0.009,-2.5675675675675675
370,0.8275,0.009,-2.5555555555555554
371,0.8253333333333334,0.00975,-2.543543543543543
372,0.8238333333333333,0.01,-2.531531531531532
373,0.8216666666666667,0.01025,-2.5195195195195197
374,0.8186666666666667,0.01025,-2.5075075075075075
375,0.8175,0.01025,-2.4954954954954953
376,0.8145,0.01075,-2.483483483483483
377,0.8116666666666666,0.01075,-2.471471471471472
378,0.8093333333333333,0.01075,-2.4594594594594597
379,0.807,0.01125,-2.4474474474474475
380,0.8051666666666667,0.01175,-2.4354354354354353
381,0.8033333333333333,0.012,-2.423423423423423
382,0.8005,0.012,-2.411411411411412
383,0.7986666666666666,0.013,-2.3993993993993996
384,0.797,0.013,-2.3873873873873874
385,0.7946666666666666,0.013,-2.3753753753753752
386,0.7926666666666666,0.013,-2.363363363363363
387,0.7895,0.0135,-2.3513513513513518
388,0.7878333333333334,0.014,-2.3393393393393396
389,0.7853333333333333,0.01425,-2.3273273273273274
390,0.7835,0.0145,-2.315315315315315
391,0.7815,0.015,-2.303303303303303
392,0.7788333333333334,0.01575,-2.2912912912912917
393,0.777,0.016,-2.2792792792792795
394,0.7751666666666667,0.0165,-2.2672672672672673
395,0.773,0.0165,-2.255255255255255
396,0.7701666666666667,0.01675,-2.243243243243243
397,0.7683333333333333,0.01725,-2.2312312312312317
398,0.7646666666666667,0.018,-2.2192192192192195
399,0.7628333333333334,0.0185,-2.2072072072072073
400,0.7603333333333333,0.019,-2.195195195195195
401,0.7585,0.02,-2.183183183183183
402,0.7556666666666667,0.02,-2.1711711711711716
403,0.7531666666666667,0.02025,-2.1591591591591595
404,0.75,0.0205,-2.1471471471471473
405,0.7458333333333333,0.021,-2.135135135135135
406,0.743,0.0215,-2.123123123123123
407,0.7406666666666667,0.02175,-2.1111111111111107
408,0.7375,0.022,-2.0990990990990994
409,0.735,0.02225,-2.0870870870870872
410,0.7326666666666667,0.02275,-2.075075075075075
411,0.7305,0.02375,-2.063063063063063
412,0.7288333333333333,0.02475,-2.0510510510510507
413,0.7258333333333333,0.02525,-2.0390390390390394
414,0.7226666666666667,0.02575,-2.027027027027027
415,0.7211666666666666,0.0265,-2.015015015015015
416,0.7185,0.02675,-2.003003003003003
417,0.7156666666666667,0.0275,-1.9909909909909906
418,0.7141666666666666,0.02875,-1.9789789789789793
419,0.7111666666666666,0.02925,-1.9669669669669672
420,0.709,0.02925,-1.954954954954955
421,0.7048333333333333,0.02975,-1.9429429429429428
422,0.7033333333333334,0.03,-1.9309309309309306
423,0.7003333333333334,0.03025,-1.9189189189189193
424,0.6981666666666667,0.0315,-1.9069069069069071
425,0.6963333333333334,0.032,-1.894894894894895
426,0.6938333333333333,0.03275,-1.8828828828828827
427,0.691,0.03275,-1.8708708708708706
428,0.688,0.0335,-1.8588588588588593
429,0.6838333333333333,0.03425,-1.846846846846847
430,0.6818333333333333,0.035,-1.834834834834835
431,0.6793333333333333,0.03575,-1.8228228228228227
432,0.6755,0.03625,-1.8108108108108105
433,0.6723333333333333,0.0375,-1.7987987987987992
434,0.6695,0.0385,-1.786786786786787
435,0.6661666666666667,0.03975,-1.7747747747747749
436,0.6621666666666667,0.041,-1.7627627627627627
437,0.6588333333333334,0.04175,-1.7507507507507505
438,0.6558333333333334,0.04275,-1.7387387387387392
439,0.653,0.04325,-1.726726726726727
440,0.6493333333333333,0.044,-1.7147147147147148
441,0.6458333333333334,0.04475,-1.7027027027027026
442,0.6426666666666667,0.04575,-1.6906906906906904
443,0.639,0.04675,-1.6786786786786791
444,0.6368333333333334,0.0475,-1.666666666666667
445,0.6335,0.048,-1.6546546546546548
446,0.63,0.049,-1.6426426426426426
447,0.6271666666666667,0.05075,-1.6306306306306304
448,0.6235,0.0515,-1.618618618618619
449,0.6205,0.05225,-1.606606606606607
450,0.6178333333333333,0.05325,-1.5945945945945947
451,0.615,0.0535,-1.5825825825825826
452,0.6116666666666667,0.05525,-1.5705705705705704
453,0.6085,0.056,-1.5585585585585582
454,0.6058333333333333,0.057,-1.5465465465465469
455,0.6036666666666667,0.0585,-1.5345345345345347
456,0.5993333333333334,0.05975,-1.5225225225225225
457,0.597,0.061,-1.5105105105105103
458,0.594,0.06125,-1.4984984984984981
459,0.5913333333333334,0.0615,-1.4864864864864868
460,0.5876666666666667,0.0625,-1.4744744744744747
461,0.5836666666666667,0.06275,-1.4624624624624625
462,0.5798333333333333,0.0645,-1.4504504504504503
463,0.5751666666666667,0.06575,-1.438438438438438
464,0.5718333333333333,0.067,-1.4264264264264268
465,0.5686666666666667,0.06775,-1.4144144144144146
466,0.566,0.0685,-1.4024024024024024
467,0.5636666666666666,0.0695,-1.3903903903903903
468,0.5593333333333333,0.07075,-1.378378378378378
469,0.5571666666666667,0.07275,-1.3663663663663668
470,0.5545,0.07325,-1.3543543543543546
471,0.5513333333333333,0.07425,-1.3423423423423424
472,0.5488333333333333,0.075,-1.3303303303303302
473,0.5458333333333333,0.076,-1.318318318318318
474,0.542,0.077,-1.3063063063063067
475,0.5386666666666666,0.0785,-1.2942942942942945
476,0.5353333333333333,0.0805,-1.2822822822822824
477,0.5323333333333333,0.082,-1.2702702702702702
478,0.5293333333333333,0.08425,-1.258258258258258
479,0.5265,0.08575,-1.2462462462462467
480,0.5218333333333334,0.0865,-1.2342342342342345
481,0.5191666666666667,0.0895,-1.2222222222222223
482,0.5168333333333334,0.09075,-1.2102102102102101
483,0.5138333333333334,0.092,-1.198198198198198
484,0.5111666666666667,0.09225,-1.1861861861861867
485,0.5076666666666667,0.094,-1.1741741741741745
486,0.5046666666666667,0.09625,-1.1621621621621623
487,0.5006666666666667,0.09875,-1.15015015015015
488,0.49783333333333335,0.10025,-1.138138138138138
489,0.49366666666666664,0.10325,-1.1261261261261266
490,0.49083333333333334,0.105,-1.1141141141141144
491,0.487,0.1055,-1.1021021021021022
492,0.48383333333333334,0.10625,-1.09009009009009
493,0.4786666666666667,0.1075,-1.0780780780780779
494,0.4746666666666667,0.10925,-1.0660660660660657
495,0.4711666666666667,0.11075,-1.0540540540540544
496,0.4683333333333333,0.112,-1.0420420420420422
497,0.4648333333333333,0.11425,-1.03003003003003
498,0.46116666666666667,0.11575,-1.0180180180180178
499,0.45816666666666667,0.118,-1.0060060060060056
500,0.45616666666666666,0.1205,-0.9939939939939944
501,0.45216666666666666,0.123,-0.9819819819819822
502,0.4483333333333333,0.1245,-0.96996996996997
503,0.4435,0.12625,-0.9579579579579578
504,0.43983333333333335,0.12875,-0.9459459459459456
505,0.43483333333333335,0.13075,-0.9339339339339343
506,0.43116666666666664,0.133,-0.9219219219219221
507,0.42633333333333334,0.13575,-0.9099099099099099
508,0.42233333333333334,0.139,-0.8978978978978978
509,0.4195,0.14025,-0.8858858858858856
510,0.41633333333333333,0.143,-0.8738738738738743
511,0.4141666666666667,0.145,-0.8618618618618621
512,0.4101666666666667,0.1485,-0.8498498498498499
513,0.4065,0.14975,-0.8378378378378377
514,0.40166666666666667,0.15175,-0.8258258258258255
515,0.3975,0.15325,-0.8138138138138142
516,0.3938333333333333,0.156,-0.801801801801802
517,0.3908333333333333,0.1575,-0.7897897897897899
518,0.387,0.16,-0.7777777777777777
519,0.386,0.1635,-0.7657657657657655
520,0.38333333333333336,0.16675,-0.7537537537537542
521,0.37816666666666665,0.1705,-0.741741741741742
522,0.37316666666666665,0.17325,-0.7297297297297298
523,0.3675,0.17675,-0.7177177177177176
524,0.36333333333333334,0.18025,-0.7057057057057055
525,0.361,0.1835,-0.6936936936936942
526,0.358,0.18725,-0.681681681681682
527,0.3555,0.191,-0.6696696696696698
528,0.35183333333333333,0.1935,-0.6576576576576576
529,0.349,0.19575,-0.6456456456456454
530,0.3456666666666667,0.19975,-0.6336336336336341
531,0.342,0.2045,-0.6216216216216219
532,0.33916666666666667,0.20775,-0.6096096096096097
533,0.3363333333333333,0.2135,-0.5975975975975976
534,0.332,0.2175,-0.5855855855855854
535,0.3288333333333333,0.21925,-0.5735735735735732
536,0.3253333333333333,0.2225,-0.5615615615615619
537,0.32216666666666666,0.22625,-0.5495495495495497
538,0.31783333333333336,0.23025,-0.5375375375375375
539,0.31416666666666665,0.233,-0.5255255255255253
540,0.31,0.2375,-0.5135135135135132
541,0.30666666666666664,0.241,-0.5015015015015019
542,0.30183333333333334,0.246,-0.48948948948948967
543,0.29733333333333334,0.2505,-0.4774774774774775
544,0.2941666666666667,0.25525,-0.4654654654654653
545,0.28883333333333333,0.25975,-0.4534534534534531
546,0.28583333333333333,0.264,-0.4414414414414418
547,0.2808333333333333,0.26775,-0.42942942942942963
548,0.27466666666666667,0.27325,-0.41741741741741745
549,0.2688333333333333,0.2765,-0.40540540540540526
550,0.2628333333333333,0.2845,-0.3933933933933931
551,0.258,0.28925,-0.3813813813813818
552,0.25216666666666665,0.29425,-0.3693693693693696
553,0.24666666666666667,0.29775,-0.3573573573573574
554,0.24266666666666667,0.29975,-0.3453453453453452
555,0.23966666666666667,0.30575,-0.33333333333333304
556,0.23483333333333334,0.31125,-0.32132132132132174
557,0.23033333333333333,0.31725,-0.30930930930930955
558,0.2255,0.32075,-0.29729729729729737
559,0.22166666666666668,0.3255,-0.2852852852852852
560,0.21883333333333332,0.3305,-0.273273273273273
561,0.214,0.33425,-0.2612612612612617
562,0.2115,0.337,-0.24924924924924952
563,0.20816666666666667,0.341,-0.23723723723723733
564,0.20516666666666666,0.34575,-0.22522522522522515
565,0.20133333333333334,0.35,-0.21321321321321296
566,0.19883333333333333,0.35275,-0.20120120120120166
567,0.195,0.3565,-0.18918918918918948
568,0.19166666666666668,0.35875,-0.1771771771771773
569,0.18766666666666668,0.363,-0.1651651651651651
570,0.18566666666666667,0.36875,-0.15315315315315292
571,0.18233333333333332,0.373,-0.14114114114114162
572,0.17933333333333334,0.376,-0.12912912912912944
573,0.17666666666666667,0.37875,-0.11711711711711725
574,0.17466666666666666,0.384,-0.10510510510510507
575,0.17233333333333334,0.38775,-0.09309309309309288
576,0.1715,0.391,-0.0810810810810807
577,0.16966666666666666,0.39375,-0.0690690690690694
578,0.16566666666666666,0.3985,-0.057057057057057214
579,0.16333333333333333,0.40225,-0.04504504504504503
580,0.16083333333333333,0.4045,-0.033033033033032844
581,0.15916666666666668,0.40575,-0.02102102102102066
582,0.15683333333333332,0.41025,-0.009009009009009361
583,0.1535,0.415,0.0030030030030028243
584,0.1515,0.4195,0.01501501501501501
585,0.1495,0.4225,0.027027027027027195
586,0.147,0.426,0.03903903903903938
587,0.14466666666666667,0.42975,0.05105105105105068
588,0.14233333333333334,0.433,0.06306306306306286
589,0.13983333333333334,0.4355,0.07507507507507505
590,0.13766666666666666,0.43975,0.08708708708708723
591,0.1355,0.4435,0.09909909909909942
592,0.13466666666666666,0.44725,0.11111111111111072
593,0.1335,0.44975,0.1231231231231229
594,0.13083333333333333,0.45175,0.1351351351351351
595,0.12716666666666668,0.4555,0.14714714714714727
596,0.12533333333333332,0.459,0.15915915915915946
597,0.12366666666666666,0.4615,0.17117117117117076
598,0.12116666666666667,0.4655,0.18318318318318294
599,0.11933333333333333,0.4705,0.19519519519519513
600,0.1165,0.47475,0.2072072072072073
601,0.11433333333333333,0.47625,0.2192192192192195
602,0.1115,0.48125,0.2312312312312308
603,0.11033333333333334,0.48475,0.24324324324324298
604,0.1085,0.48875,0.25525525525525516
605,0.10583333333333333,0.4925,0.26726726726726735
606,0.10483333333333333,0.496,0.27927927927927954
607,0.10183333333333333,0.499,0.29129129129129083
608,0.1005,0.501,0.303303303303303
609,0.09833333333333333,0.5045,0.3153153153153152
610,0.09683333333333333,0.508,0.3273273273273274
611,0.095,0.51025,0.3393393393393396
612,0.093,0.5125,0.35135135135135087
613,0.09083333333333334,0.51675,0.36336336336336306
614,0.09,0.521,0.37537537537537524
615,0.088,0.523,0.3873873873873874
616,0.08633333333333333,0.527,0.3993993993993996
617,0.08433333333333333,0.53,0.4114114114114109
618,0.08333333333333333,0.5325,0.4234234234234231
619,0.08233333333333333,0.53475,0.4354354354354353
620,0.07933333333333334,0.53875,0.44744744744744747
621,0.07783333333333334,0.54175,0.45945945945945965
622,0.07616666666666666,0.545,0.47147147147147184
623,0.07533333333333334,0.5485,0.48348348348348313
624,0.07483333333333334,0.55075,0.4954954954954953
625,0.07333333333333333,0.5545,0.5075075075075075
626,0.07083333333333333,0.55675,0.5195195195195197
627,0.0705,0.55925,0.5315315315315319
628,0.06916666666666667,0.562,0.5435435435435432
629,0.06833333333333333,0.564,0.5555555555555554
630,0.06733333333333333,0.566,0.5675675675675675
631,0.0655,0.57025,0.5795795795795797
632,0.064,0.57275,0.5915915915915919
633,0.06216666666666667,0.57475,0.6036036036036032
634,0.060833333333333336,0.57675,0.6156156156156154
635,0.059833333333333336,0.58175,0.6276276276276276
636,0.058833333333333335,0.58475,0.6396396396396398
637,0.058,0.588,0.651651651651652
638,0.05733333333333333,0.59025,0.6636636636636633
639,0.057166666666666664,0.59275,0.6756756756756754
640,0.056,0.59625,0.6876876876876876
641,0.05466666666666667,0.599,0.6996996996996998
642,0.054,0.60225,0.711711711711712
643,0.05316666666666667,0.605,0.7237237237237233
644,0.052333333333333336,0.60925,0.7357357357357355
645,0.0515,0.612,0.7477477477477477
646,0.051,0.61375,0.7597597597597598
647,0.0505,0.6165,0.771771771771772
648,0.049833333333333334,0.61925,0.7837837837837833
649,0.04833333333333333,0.62375,0.7957957957957955
650,0.04733333333333333,0.62775,0.8078078078078077
651,0.04666666666666667,0.6305,0.8198198198198199
652,0.04583333333333333,0.6335,0.8318318318318321
653,0.044333333333333336,0.6355,0.8438438438438434
654,0.044333333333333336,0.638,0.8558558558558556
655,0.04416666666666667,0.64,0.8678678678678677
656,0.043,0.64475,0.8798798798798799
657,0.041666666666666664,0.64775,0.8918918918918921
658,0.04083333333333333,0.653,0.9039039039039034
659,0.04,0.65525,0.9159159159159156
660,0.0395,0.6575,0.9279279279279278
661,0.03916666666666667,0.66175,0.93993993993994
662,0.03866666666666667,0.66475,0.9519519519519521
663,0.03816666666666667,0.668,0.9639639639639643
664,0.03783333333333333,0.67175,0.9759759759759756
665,0.037,0.675,0.9879879879879878
666,0.0365,0.67875,1.0
667,0.036,0.68275,1.0120120120120113
668,0.035,0.6855,1.0240240240240244
669,0.0345,0.6895,1.0360360360360357
670,0.034,0.6915,1.0480480480480487
671,0.034,0.69425,1.06006006006006
672,0.033666666666666664,0.697,1.0720720720720713
673,0.0335,0.70075,1.0840840840840844
674,0.033,0.70375,1.0960960960960957
675,0.0325,0.706,1.1081081081081088
676,0.03183333333333333,0.70825,1.12012012012012
677,0.0315,0.71025,1.1321321321321314
678,0.031166666666666665,0.71225,1.1441441441441444
679,0.0305,0.71625,1.1561561561561557
680,0.029833333333333333,0.719,1.1681681681681688
681,0.029,0.72075,1.1801801801801801
682,0.0285,0.72275,1.1921921921921914
683,0.028333333333333332,0.725,1.2042042042042045
684,0.027833333333333335,0.727,1.2162162162162158
685,0.027,0.73075,1.2282282282282289
686,0.0265,0.7325,1.2402402402402402
687,0.026166666666666668,0.73525,1.2522522522522515
688,0.025333333333333333,0.73725,1.2642642642642645
689,0.024833333333333332,0.7395,1.2762762762762758
690,0.024333333333333332,0.74175,1.288288288288289
691,0.023833333333333335,0.744,1.3003003003003002
692,0.022833333333333334,0.746,1.3123123123123115
693,0.02266666666666667,0.74925,1.3243243243243246
694,0.022333333333333334,0.75175,1.3363363363363359
695,0.022333333333333334,0.7545,1.348348348348349
696,0.022,0.7575,1.3603603603603602
697,0.0215,0.75875,1.3723723723723715
698,0.021333333333333333,0.761,1.3843843843843846
699,0.021,0.76275,1.396396396396396
700,0.020166666666666666,0.7665,1.408408408408409
701,0.019333333333333334,0.7675,1.4204204204204203
702,0.018666666666666668,0.76975,1.4324324324324316
703,0.018333333333333333,0.7725,1.4444444444444446
704,0.018,0.775,1.456456456456456
705,0.017833333333333333,0.7765,1.468468468468469
706,0.017333333333333333,0.779,1.4804804804804803
707,0.017166666666666667,0.781,1.4924924924924916
708,0.0165,0.7835,1.5045045045045047
709,0.01633333333333333,0.78525,1.516516516516516
710,0.015666666666666666,0.78725,1.528528528528529
711,0.015166666666666667,0.79025,1.5405405405405403
712,0.015,0.792,1.5525525525525516
713,0.014166666666666666,0.7935,1.5645645645645647
714,0.013833333333333333,0.79525,1.576576576576576
715,0.013166666666666667,0.7985,1.588588588588589
716,0.012666666666666666,0.801,1.6006006006006004
717,0.0125,0.8035,1.6126126126126117
718,0.011833333333333333,0.805,1.6246246246246248
719,0.011166666666666667,0.80625,1.636636636636636
720,0.010833333333333334,0.80825,1.6486486486486491
721,0.0105,0.81025,1.6606606606606604
722,0.0105,0.81175,1.6726726726726717
723,0.0105,0.81325,1.6846846846846848
724,0.010333333333333333,0.8145,1.696696696696696
725,0.010333333333333333,0.8175,1.7087087087087092
726,0.010166666666666666,0.81875,1.7207207207207205
727,0.01,0.82025,1.7327327327327335
728,0.0095,0.822,1.7447447447447448
729,0.009333333333333334,0.8245,1.7567567567567561
730,0.009333333333333334,0.8265,1.7687687687687692
731,0.009166666666666667,0.82875,1.7807807807807805
732,0.009166666666666667,0.831,1.7927927927927936
733,0.008833333333333334,0.8335,1.8048048048048049
734,0.008333333333333333,0.8355,1.8168168168168162
735,0.008,0.8365,1.8288288288288292
736,0.007666666666666666,0.838,1.8408408408408405
737,0.007666666666666666,0.841,1.8528528528528536
738,0.0075,0.8425,1.864864864864865
739,0.007166666666666667,0.843,1.8768768768768762
740,0.007166666666666667,0.84425,1.8888888888888893
741,0.007,0.846,1.9009009009009006
742,0.006666666666666667,0.84775,1.9129129129129137
743,0.0065,0.85,1.924924924924925
744,0.0065,0.85125,1.9369369369369362
745,0.006,0.85275,1.9489489489489493
746,0.006,0.8545,1.9609609609609606
747,0.005666666666666667,0.8565,1.9729729729729737
748,0.005666666666666667,0.858,1.984984984984985
749,0.005333333333333333,0.85925,1.9969969969969963
750,0.005333333333333333,0.861,2.0090090090090094
751,0.004833333333333334,0.8615,2.0210210210210207
752,0.004833333333333334,0.8625,2.0330330330330337
753,0.004666666666666667,0.86425,2.045045045045045
754,0.0045,0.86575,2.0570570570570563
755,0.0045,0.868,2.0690690690690694
756,0.004333333333333333,0.87,2.0810810810810807
757,0.004333333333333333,0.871,2.0930930930930938
758,0.004,0.87225,2.105105105105105
759,0.003833333333333333,0.87425,2.1171171171171164
760,0.003833333333333333,0.87525,2.1291291291291294
761,0.003833333333333333,0.87575,2.1411411411411407
762,0.003833333333333333,0.87625,2.153153153153154
763,0.003833333333333333,0.87925,2.165165165165165
764,0.003833333333333333,0.8805,2.1771771771771764
765,0.0036666666666666666,0.88175,2.1891891891891895
766,0.0036666666666666666,0.88275,2.2012012012012008
767,0.0036666666666666666,0.88375,2.213213213213214
768,0.0036666666666666666,0.8855,2.225225225225225
769,0.0036666666666666666,0.887,2.2372372372372364
770,0.0035,0.88875,2.2492492492492495
771,0.0035,0.8905,2.261261261261261
772,0.0033333333333333335,0.8925,2.273273273273274
773,0.0031666666666666666,0.8935,2.285285285285285
774,0.0031666666666666666,0.89575,2.2972972972972965
775,0.003,0.89725,2.3093093093093096
776,0.003,0.89875,2.321321321321321
777,0.003,0.90025,2.333333333333334
778,0.0028333333333333335,0.902,2.3453453453453452
779,0.0028333333333333335,0.90275,2.3573573573573565
780,0.0026666666666666666,0.90375,2.3693693693693696
781,0.0026666666666666666,0.90575,2.381381381381381
782,0.0023333333333333335,0.90725,2.393393393393394
783,0.0021666666666666666,0.90875,2.4054054054054053
784,0.0021666666666666666,0.9095,2.4174174174174166
785,0.0021666666666666666,0.91175,2.4294294294294296
786,0.0021666666666666666,0.9125,2.441441441441441
787,0.0021666666666666666,0.9145,2.453453453453454
788,0.0021666666666666666,0.916,2.4654654654654653
789,0.0021666666666666666,0.91775,2.4774774774774766
790,0.0021666666666666666,0.91875,2.4894894894894897
791,0.0021666666666666666,0.922,2.501501501501501
792,0.0021666666666666666,0.92325,2.513513513513514
793,0.0021666666666666666,0.9245,2.5255255255255253
794,0.0021666666666666666,0.92525,2.5375375375375366
795,0.002,0.9265,2.5495495495495497
796,0.002,0.92725,2.561561561561561
797,0.002,0.92825,2.573573573573574
798,0.0018333333333333333,0.92875,2.5855855855855854
799,0.0018333333333333333,0.93025,2.5975975975975967
800,0.0016666666666666668,0.9305,2.6096096096096097
801,0.0016666666666666668,0.9315,2.621621621621621
802,0.0016666666666666668,0.9325,2.633633633633634
803,0.0013333333333333333,0.9335,2.6456456456456454
804,0.0011666666666666668,0.934,2.6576576576576567
805,0.0011666666666666668,0.9355,2.66966966966967
806,0.001,0.9365,2.681681681681681
807,0.001,0.93725,2.693693693693694
808,0.001,0.93925,2.7057057057057055
809,0.001,0.93975,2.7177177177177168
810,0.001,0.94075,2.72972972972973
811,0.0008333333333333334,0.94125,2.741741741741741
812,0.0008333333333333334,0.9415,2.753753753753754
813,0.0008333333333333334,0.9425,2.7657657657657655
814,0.0008333333333333334,0.944,2.7777777777777786
815,0.0006666666666666666,0.94475,2.78978978978979
816,0.0006666666666666666,0.945,2.801801801801801
817,0.0006666666666666666,0.9455,2.8138138138138142
818,0.0006666666666666666,0.94625,2.8258258258258255
819,0.0006666666666666666,0.947,2.8378378378378386
820,0.0006666666666666666,0.9475,2.84984984984985
821,0.0006666666666666666,0.94825,2.861861861861861
822,0.0006666666666666666,0.94975,2.8738738738738743
823,0.0006666666666666666,0.9505,2.8858858858858856
824,0.0006666666666666666,0.95175,2.8978978978978986
825,0.0005,0.953,2.90990990990991
826,0.0005,0.9545,2.9219219219219212
827,0.0005,0.955,2.9339339339339343
828,0.0005,0.95575,2.9459459459459456
829,0.0005,0.95675,2.9579579579579587
830,0.0005,0.95725,2.96996996996997
831,0.0005,0.958,2.9819819819819813
832,0.0003333333333333333,0.95825,2.9939939939939944
833,0.0003333333333333333,0.95925,3.0060060060060056
834,0.0003333333333333333,0.96,3.0180180180180187
835,0.0003333333333333333,0.9605,3.03003003003003
836,0.0003333333333333333,0.962,3.0420420420420413
837,0.0003333333333333333,0.96225,3.0540540540540544
838,0.0003333333333333333,0.96325,3.0660660660660657
839,0.0003333333333333333,0.96425,3.0780780780780788
840,0.0003333333333333333,0.965,3.09009009009009
841,0.0003333333333333333,0.96575,3.1021021021021014
842,0.0003333333333333333,0.9665,3.1141141141141144
843,0.0003333333333333333,0.967,3.1261261261261257
844,0.0003333333333333333,0.96825,3.138138138138139
845,0.0003333333333333333,0.969,3.15015015015015
846,0.0003333333333333333,0.97,3.1621621621621614
847,0.0003333333333333333,0.97025,3.1741741741741745
848,0.0003333333333333333,0.9705,3.1861861861861858
849,0.0003333333333333333,0.97125,3.198198198198199
850,0.0003333333333333333,0.972,3.21021021021021
851,0.0003333333333333333,0.973,3.2222222222222214
852,0.0003333333333333333,0.97325,3.2342342342342345
853,0.0003333333333333333,0.974,3.246246246246246
854,0.0003333333333333333,0.9745,3.258258258258259
855,0.0003333333333333333,0.97475,3.27027027027027
856,0.0003333333333333333,0.97525,3.2822822822822815
857,0.0003333333333333333,0.9755,3.2942942942942945
858,0.0003333333333333333,0.97625,3.306306306306306
859,0.0003333333333333333,0.9765,3.318318318318319
860,0.0003333333333333333,0.9765,3.33033033033033
861,0.0003333333333333333,0.9765,3.3423423423423415
862,0.0003333333333333333,0.977,3.3543543543543546
863,0.0003333333333333333,0.97725,3.366366366366366
864,0.0003333333333333333,0.9775,3.378378378378379
865,0.0003333333333333333,0.97775,3.3903903903903903
866,0.0003333333333333333,0.97775,3.4024024024024015
867,0.0003333333333333333,0.97825,3.4144144144144146
868,0.0003333333333333333,0.9785,3.426426426426426
869,0.0003333333333333333,0.97875,3.438438438438439
870,0.0003333333333333333,0.97925,3.4504504504504503
871,0.0003333333333333333,0.9795,3.4624624624624616
872,0.0003333333333333333,0.97975,3.4744744744744747
873,0.00016666666666666666,0.9805,3.486486486486486
874,0.00016666666666666666,0.981,3.498498498498499
875,0.0,0.98175,3.5105105105105103
876,0.0,0.982,3.5225225225225216
877,0.0,0.98225,3.5345345345345347
878,0.0,0.9825,3.546546546546546
879,0.0,0.9825,3.558558558558559
880,0.0,0.9825,3.5705705705705704
881,0.0,0.98275,3.5825825825825817
882,0.0,0.983,3.5945945945945947
883,0.0,0.98375,3.606606606606606
884,0.0,0.984,3.618618618618619
885,0.0,0.984,3.6306306306306304
886,0.0,0.984,3.6426426426426417
887,0.0,0.9845,3.6546546546546548
888,0.0,0.98475,3.666666666666666
889,0.0,0.985,3.678678678678679
890,0.0,0.9855,3.6906906906906904
891,0.0,0.98625,3.7027027027027017
892,0.0,0.98625,3.714714714714715
893,0.0,0.987,3.726726726726726
894,0.0,0.9875,3.738738738738739
895,0.0,0.9875,3.7507507507507505
896,0.0,0.9875,3.762762762762762
897,0.0,0.988,3.774774774774775
898,0.0,0.9885,3.786786786786786
899,0.0,0.9885,3.7987987987987992
900,0.0,0.98925,3.8108108108108105
901,0.0,0.9895,3.8228228228228236
902,0.0,0.98975,3.834834834834835
903,0.0,0.99,3.846846846846846
904,0.0,0.99,3.8588588588588593
905,0.0,0.99,3.8708708708708706
906,0.0,0.99,3.8828828828828836
907,0.0,0.9905,3.894894894894895
908,0.0,0.9905,3.9069069069069062
909,0.0,0.99075,3.9189189189189193
910,0.0,0.991,3.9309309309309306
911,0.0,0.991,3.9429429429429437
912,0.0,0.9915,3.954954954954955
913,0.0,0.9915,3.9669669669669663
914,0.0,0.9915,3.9789789789789793
915,0.0,0.99175,3.9909909909909906
916,0.0,0.99175,4.003003003003004
917,0.0,0.99175,4.015015015015015
918,0.0,0.992,4.027027027027026
919,0.0,0.99225,4.039039039039039
920,0.0,0.9925,4.051051051051051
921,0.0,0.9925,4.063063063063064
922,0.0,0.99275,4.075075075075075
923,0.0,0.99325,4.087087087087086
924,0.0,0.994,4.099099099099099
925,0.0,0.994,4.111111111111111
926,0.0,0.994,4.123123123123124
927,0.0,0.994,4.135135135135135
928,0.0,0.994,4.147147147147146
929,0.0,0.994,4.1591591591591595
930,0.0,0.994,4.171171171171171
931,0.0,0.994,4.183183183183184
932,0.0,0.99425,4.195195195195195
933,0.0,0.99425,4.207207207207206
934,0.0,0.9945,4.2192192192192195
935,0.0,0.9945,4.231231231231231
936,0.0,0.9945,4.243243243243244
937,0.0,0.9945,4.255255255255255
938,0.0,0.9945,4.2672672672672665
939,0.0,0.99475,4.2792792792792795
940,0.0,0.995,4.291291291291291
941,0.0,0.995,4.303303303303304
942,0.0,0.99525,4.315315315315315
943,0.0,0.9955,4.3273273273273265
944,0.0,0.9955,4.33933933933934
945,0.0,0.9955,4.351351351351351
946,0.0,0.9955,4.363363363363364
947,0.0,0.996,4.375375375375375
948,0.0,0.99625,4.3873873873873865
949,0.0,0.99625,4.3993993993994
950,0.0,0.9965,4.411411411411411
951,0.0,0.9965,4.423423423423424
952,0.0,0.9965,4.435435435435435
953,0.0,0.997,4.447447447447447
954,0.0,0.997,4.45945945945946
955,0.0,0.997,4.471471471471471
956,0.0,0.997,4.483483483483484
957,0.0,0.997,4.495495495495495
958,0.0,0.99725,4.507507507507507
959,0.0,0.9975,4.51951951951952
960,0.0,0.99775,4.531531531531531
961,0.0,0.99775,4.543543543543544
962,0.0,0.998,4.555555555555555
963,0.0,0.998,4.567567567567567
964,0.0,0.998,4.57957957957958
965,0.0,0.998,4.591591591591591
966,0.0,0.998,4.603603603603604
967,0.0,0.998,4.615615615615615
968,0.0,0.998,4.627627627627627
969,0.0,0.998,4.63963963963964
970,0.0,0.998,4.651651651651651
971,0.0,0.998,4.663663663663664
972,0.0,0.99825,4.675675675675675
973,0.0,0.99825,4.687687687687687
974,0.0,0.9985,4.6996996996997
975,0.0,0.9985,4.711711711711711
976,0.0,0.9985,4.723723723723724
977,0.0,0.9985,4.7357357357357355
978,0.0,0.99875,4.747747747747747
979,0.0,0.99875,4.75975975975976
980,0.0,0.999,4.771771771771771
981,0.0,0.999,4.783783783783784
982,0.0,0.999,4.7957957957957955
983,0.0,0.999,4.807807807807809
984,0.0,0.999,4.81981981981982
985,0.0,0.999,4.831831831831831
986,0.0,0.999,4.843843843843844
987,0.0,0.999,4.8558558558558556
988,0.0,0.999,4.867867867867869
989,0.0,0.999,4.87987987987988
990,0.0,0.999,4.891891891891891
991,0.0,0.999,4.903903903903904
992,0.0,0.999,4.915915915915916
993,0.0,0.999,4.927927927927929
994,0.0,0.999,4.93993993993994
995,0.0,0.999,4.951951951951951
996,0.0,0.999,4.963963963963964
997,0.0,0.999,4.975975975975976
998,0.0,0.999,4.987987987987989
999,0.0,0.999,5.0
