,x1,x2,label
0,0.30497765325905246,-0.38865856044726,0
1,-0.8646215378286068,-1.4689469430275155,0
2,-0.8019563817610078,-1.370290625465198,0
3,-2.861479656354358,-0.8591690566218784,0
4,-2.0987882245291036,-2.5736057172013567,0
5,-0.4657429413297586,0.015416342576378694,0
6,0.27074444790367935,-0.5738144371643721,0
7,-0.8237206344415797,-2.9587256197138085,0
8,-1.2335243989172358,-1.9171910809601753,0
9,0.12311868393721648,-1.3761370458495328,0
10,-0.1005909263944571,-2.2714515620200872,0
11,-0.696259088925606,-1.92211595587144,0
12,-0.9768674922090851,0.5496105003184562,0
13,1.0015264611447021,0.5076597822154565,0
14,-0.12720636546041686,1.052873381255473,0
15,-1.2168894640065007,-0.09014847844715168,0
16,-0.5417525257697899,-1.9584416483396352,0
17,-1.5162839616046306,0.0987890619360896,0
18,-3.107608252954953,-1.6632776850845783,0
19,-0.4744469712331596,-1.2987406389502703,0
20,-1.087395426726097,-1.7939626453971673,0
21,-1.4631521496338462,-1.3052066074343007,0
22,-0.5748676840287825,-0.39387041534464295,0
23,-0.9313263372532107,-1.3103790772279678,0
24,-1.2396963676225856,-2.1262378369498505,0
25,-1.9951755307428876,0.9748565226390498,0
26,-0.41215126775011235,-2.5365921955351522,0
27,-0.2450509314799263,-1.6841913462627458,0
28,0.5046293721592079,-0.3528759337507199,0
29,1.0312772667130017,-1.2854372808930545,0
30,-0.1122044939862391,-0.31949201000847816,0
31,-0.8302280033394303,-3.195177410492938,0
32,-1.8178499760586952,-0.2512968629565697,0
33,-1.0677616858662728,-0.8316153506741819,0
34,-1.5567239779982796,-0.42639906203514344,0
35,-0.9845690129803819,0.3499221836295774,0
36,-1.3413820164811263,-0.2326715707017769,0
37,-1.443890968283301,-0.5657424511143175,0
38,-1.1825979249877472,-0.3565045428800657,0
39,-1.8508560499477202,-0.8242989930452223,0
40,-1.1165570418459074,-0.9187587563226255,0
41,-1.9821470364111011,-1.2186285151517144,0
42,-1.4041498537619779,-0.2548889509343095,0
43,-0.6734847518227551,-0.8580811572076019,0
44,-2.2947833550422643,-1.3643871539892194,0
45,-1.1399308056992064,-0.06601871210593402,0
46,-0.4418220137925333,-2.9166762666235146,0
47,-2.4561431535166918,-0.8748210047010325,0
48,-0.052358135160972874,-1.031262460815025,0
49,0.439415792603155,-1.7447174637669036,0
50,0.42749013393800617,-1.0839603988603221,0
51,-1.3448891184556508,-1.0771389559317042,0
52,-1.4639282423398934,-2.2062819158568203,0
53,-2.3444598296150954,-1.585553174365573,0
54,-0.51517369455063,-1.60600227613108,0
55,-0.20627560567206882,-1.0877009944109957,0
56,-0.49011328560395295,-0.7422000889135183,0
57,-3.166432030448623,-0.2513916736620021,0
58,-0.8956585961032054,-1.6533676858865234,0
59,-0.9776637076170679,0.2518333764521492,0
60,-2.1649631003181264,-1.3321960374896062,0
61,-1.062723877083639,-1.9820458335259423,0
62,-3.405667470426962,0.23028081017947466,0
63,-2.1950720516289888,-1.1992785524972478,0
64,-0.9579509696325734,-2.5102320952555317,0
65,-1.4893991406761307,-0.8294785336427902,0
66,-0.5083973129808311,-0.9553342414497014,0
67,-1.990234891879028,0.03672336952185695,0
68,-1.7165791709045632,-2.1722012643736006,0
69,-0.5040752930791567,-1.0898406451527285,0
70,-1.1378362862034,-1.8745196472537144,0
71,0.29505094509553453,-1.086679222715487,0
72,-2.1966950415030233,-0.00019566600716125482,0
73,0.3163620181235136,1.1642121984511955,0
74,-1.4818090121246597,-2.20118018108857,0
75,-0.2511395307736497,-0.7575621005423072,0
76,-0.5732745238417667,-1.8168677687219752,0
77,-0.01419328100081596,-0.5810363943337171,0
78,-0.37644623188903437,-0.4687336991528207,0
79,-1.9496531883859833,-0.2962034054627958,0
80,-0.5818103074011877,-0.0333938168786041,0
81,-1.5458293266987355,-1.4498862834789996,0
82,-1.6185644210111543,-1.44627475159038,0
83,-0.9671452916649198,0.22434549465710374,0
84,-0.6406879108974266,-1.3363620106481995,0
85,0.06846867582913263,-1.7057951990611215,0
86,-0.27082907252485267,-0.5210623521188292,0
87,-2.11495913795305,0.7113703819958446,0
88,-1.0945725777428434,1.236420602383265,0
89,-0.32651711123410676,0.5579779475579414,0
90,-1.8819426775315011,-0.7317377026235685,0
91,-0.8351157793582603,-0.931963850085995,0
92,-0.4391785021992375,-1.3355482938819998,0
93,-2.6258627762439994,-0.887247501168863,0
94,-2.2935487647827606,-0.8619354156345354,0
95,-1.2492935533291376,-1.173018821434459,0
96,-0.8947463669703511,-0.3458905455235999,0
97,-0.8372394040833254,-0.9605292388221081,0
98,-0.25436313726584403,-1.442870031173292,0
99,-1.4597232202449386,-1.0520018650632037,0
100,-1.990968121085889,-0.7174299632119994,0
101,-0.42385361982383485,-1.303930239679345,0
102,-2.932915974710819,-1.7261487452333877,0
103,-0.5802917850090609,-1.7310972667972453,0
104,-1.3120483284945204,-1.0152540391171054,0
105,-0.17221976829729468,-1.1681306377058356,0
106,-1.9370198476147285,-1.684337961154415,0
107,-0.8643976664981892,-1.1539584835547358,0
108,-0.8530924225064099,-2.2655759229954535,0
109,0.22754488473474477,-1.604349721415725,0
110,-0.8000510034461653,-1.1065155052481792,0
111,-1.4298154945022405,-0.5574184420036233,0
112,-1.0769075300993676,-0.7914474583634246,0
113,-1.6200073495373783,-1.6301068670957153,0
114,-1.6301777210460644,-2.7155613413585087,0
115,-1.2197354273537064,-0.6530156253895455,0
116,-0.5527034894499399,-0.15367836047111272,0
117,-1.7608842021270297,-0.7823499742490369,0
118,-0.31841295330944686,-2.1923541187461346,0
119,-2.7157293620561846,-0.6728177076632225,0
120,-1.5985732702516793,-1.222319349688648,0
121,-0.482756684382484,-1.6453452086924851,0
122,-0.8661426571166018,-1.060902952123216,0
123,0.08354318217821999,-0.35623825215709837,0
124,-2.409967704105357,-1.4036670460367535,0
125,-2.1992160877769096,0.47008358351650603,0
126,-1.8840214834716928,-0.6686369250533372,0
127,-1.2896718229020865,-2.5028532167722695,0
128,-1.2272090550328423,-0.3390656145560411,0
129,-0.8964698406920972,-0.2529358184531062,0
130,-0.7001582970935301,-0.49824460596871134,0
131,0.6657087717029702,-1.796305032026976,0
132,0.6690587432914001,-2.2397468221432333,0
133,1.1627082495492869,0.5785854454458386,0
134,-2.3645077394975873,-0.8230198075184872,0
135,-0.041361098993523915,-1.3163070463779216,0
136,-0.6178923531407575,-0.1280304497586925,0
137,-2.2698924022509264,-3.188668742216638,0
138,0.21902789893438945,-0.32044418081221115,0
139,-2.6690951996583605,-0.8247015542913999,0
140,-1.7182528211942443,-1.9543490708542852,0
141,0.06280384206606104,-0.3239714973051302,0
142,-1.6872455360010035,-0.21777466610735985,0
143,-1.4695501141231073,-1.7947999210921504,0
144,-1.9524035767516645,-0.7530913654220056,0
145,-1.1780811128803208,1.196864550624968,0
146,-3.413339909769677,0.3905704425548133,0
147,-0.5562868309076956,-1.0806594850831441,0
148,-0.07962654593597263,1.1293160484529245,0
149,0.22551218464335054,-2.9757423634862934,0
150,-1.2696201498854456,-1.371601196908958,0
151,0.8346601406052052,-1.2171436514173481,0
152,-1.4792253199078864,-2.3559440457606735,0
153,-0.38529298524153055,-2.367817678822349,0
154,0.30572021870317956,-1.2457724686738387,0
155,-1.1834548796438171,-2.5345077454418194,0
156,0.4236329574157829,-1.2332894889163395,0
157,-0.4013807119769356,-2.0243583118293604,0
158,-1.3438888791488144,-1.037924201166684,0
159,0.5426431051440261,0.1399795648795763,0
160,-1.9536558929698977,-1.5469661664037009,0
161,-1.8767613833420524,-0.5196804011353504,0
162,-0.04268385154261878,-1.0535415843127653,0
163,-0.9881528834593188,-1.7304338877989118,0
164,-1.6730639253304112,-0.5932728767100635,0
165,-2.375970068417826,-1.6718238099208556,0
166,-0.8072083844510061,0.9418893323269266,0
167,-1.389922095359353,-1.1298498090566298,0
168,-0.7296481027331916,-1.7445379973838864,0
169,-0.6573598238767566,-0.018321022896107042,0
170,-2.246941141399856,-0.1437314186495936,0
171,-2.498957649319482,-0.21658082304728388,0
172,-2.0195972329696783,-0.8741978617727552,0
173,0.2996822392669778,0.005276165109782349,0
174,-1.4968622651159857,-0.7721369407093635,0
175,-1.792803170073337,-1.3836526988173206,0
176,-2.476878816904976,-0.6852340309813906,0
177,-1.1910622622053408,-0.5605293519530512,0
178,2.133345980815191,-1.4824387367545664,0
179,-0.8015809793882953,-2.5710555092421004,0
180,1.0646888371962788,-1.6684573553256659,0
181,-1.3172979277421673,-0.988882174496979,0
182,-1.2760190311612076,-1.2362242435509092,0
183,-0.8975303261531525,-0.5329352363630334,0
184,-0.5053564263303562,-2.3929807630513564,0
185,0.0026335290584178495,-0.5222317225508267,0
186,-1.382706649998679,-1.6206648458131756,0
187,-1.190896833105173,-0.1973465260537235,0
188,0.7014788915893724,-1.6800423984250767,0
189,-0.48617388864772393,-2.4349907909914394,0
190,0.336357032344361,0.1301549595309639,0
191,-1.4803284896532682,-2.5393361724008647,0
192,-1.8054738677690667,-2.2159477147099818,0
193,-0.21720603432922214,-2.0452011362878886,0
194,-0.12099012253868902,0.03876206863933884,0
195,-1.4366896466039756,-0.4588909263985398,0
196,0.5103796356070764,-1.4435226424236007,0
197,-1.0030739683853134,-0.8734088677293474,0
198,0.06809274707551971,-1.4768881872170647,0
199,-1.5997100297880267,-3.8095590704102102,0
200,-1.8944614479257744,1.7976174489283947,0
201,-0.5967810815359971,-0.8466687805261779,0
202,-0.368046499155241,-1.8475001690102566,0
203,-1.28587520917369,-0.026328525421550508,0
204,-0.9381597080195141,-0.5864578727703521,0
205,-0.13332742720734536,1.461421753572608,0
206,-1.0414782015279813,-0.8540600662016842,0
207,-0.2139343315043013,-0.5919689321926086,0
208,-0.1353494347868649,-3.007916116002196,0
209,-1.0757473262243622,-1.920895778530428,0
210,-1.2792294373819126,0.583249437773872,0
211,-0.47395652934241783,-0.9846777387184078,0
212,-1.3142504354138707,0.18989376221312337,0
213,0.004416525093235313,-1.8910669551304327,0
214,-0.33755492878253635,-1.6648538683245628,0
215,-0.3373226427388647,-0.9466584727584304,0
216,-0.48741934871612724,0.02746167313615855,0
217,-0.484206347038581,-0.08833821725127533,0
218,-0.4978518204079698,-2.3615502420410595,0
219,0.1566093195033873,-0.9098867717791892,0
220,-0.44294514860417245,-0.4870993862587648,0
221,-0.33862094885599525,-1.5662546952436682,0
222,-0.8862224546007921,-0.6528125959241673,0
223,0.4536569484176809,-0.5349448076526668,0
224,-3.01687159669268,-0.5472334173387041,0
225,0.01942864018531254,-1.649190384117452,0
226,-1.529411276705621,-0.9334187487950837,0
227,-0.2457393965417738,-1.0780322848840935,0
228,-0.5505604095526617,-2.1344243968910073,0
229,-0.0720723243391842,-0.27495351628965237,0
230,-2.2225250683498294,0.8142935008921304,0
231,-2.724977086480671,-2.384648998310238,0
232,-2.1692620126064317,-1.76920037994745,0
233,-2.9183489106182927,-0.5311317568857915,0
234,0.5723219601860641,-1.2130433509283365,0
235,-0.16973985202867659,-0.22767017837227543,0
236,-1.03587399837198,-3.480441008743585,0
237,-1.4527549427129336,-2.2513608312026943,0
238,-0.6313887321405509,-0.6415299797708394,0
239,-0.6745443589227145,-1.5472533137104807,0
240,-1.2241935024288368,-0.513374895271028,0
241,-0.7941018960964232,-1.292570733214656,0
242,-1.0754551266185044,-0.6456293125398198,0
243,0.5311785584967317,-0.9792047350956224,0
244,-1.029469489080468,0.9836193878241726,0
245,-0.9847527882158369,-1.237532838342997,0
246,0.1378056576907063,1.3805663608787002,0
247,-0.795497581653191,-0.9567402699461411,0
248,-0.3792858928933609,-1.057812157298345,0
249,-0.3855917801604638,-2.147475978941734,0
250,-0.8546618179884558,-0.75408465119449,0
251,-1.5307077362413244,-2.9172022757951095,0
252,-1.4892971024656807,-0.65435538683676,0
253,-1.0736908760481199,-1.2386527126159064,0
254,-1.2947744956952758,-3.2025223670157636,0
255,-2.0854871946196276,-0.9367391468017806,0
256,-0.056163971133017854,-0.09155212470457641,0
257,-2.4004086006866965,0.6425873961610153,0
258,-1.5313423023313044,0.34236258916877227,0
259,-1.029189208926328,0.5472937746667144,0
260,-1.4102432676373877,-1.0719342884360137,0
261,-0.1219350536517948,-0.1472967944073953,0
262,-0.012067345018659248,-2.3910833310687636,0
263,0.39019159006786075,-0.2874998545940053,0
264,-1.356069045374291,-0.34211132766247554,0
265,-1.4693601961770477,-1.806037112951862,0
266,-0.37190784124923704,0.26881133884086705,0
267,-0.5615905869428658,-0.3189272829826856,0
268,-2.228949097006267,-0.909857077497055,0
269,-1.7519846660360243,0.07279267428127945,0
270,-2.0635989980918605,-2.2779127999777367,0
271,0.23533985019443326,0.5759952610416883,0
272,-1.5093384397883622,0.44013822489437526,0
273,-0.6372352423854546,0.4809054005587807,0
274,-2.1042264651495572,0.010224264604002276,0
275,0.13898066991064795,-0.9147367516659652,0
276,-2.092971155989357,-0.7236349590188733,0
277,-1.4201447224526,-1.582569341743632,0
278,-1.5354866759808061,-1.1319594684184484,0
279,-1.8868285903167963,-3.0443359800914083,0
280,-1.2213001562125414,-1.2269047135167512,0
281,-1.883754780626615,-1.8793252811944234,0
282,-4.42094746106574,-0.9597075638556054,0
283,-0.7950363560420328,-1.073552596551987,0
284,1.120876605105515,-0.48768923842011846,0
285,-3.403282169173223,-0.37886633510852663,0
286,-0.8078210134003742,-2.5899533883424697,0
287,-1.5038217759506174,-1.6668116553718542,0
288,-1.4815004036392692,-0.8723468190820338,0
289,-1.4073040459588229,0.5582686155738101,0
290,-1.050129962739349,-1.0992067673023853,0
291,0.18587476104475664,-0.4330582723963503,0
292,-0.6398591924456374,0.6617512972900086,0
293,-1.6821787570077946,-0.7141386926939434,0
294,-1.4900402947266445,-0.802902478738537,0
295,-3.1431027226524857,-1.6174900095160611,0
296,-1.43460816353348,-1.6675542335091127,0
297,-2.9144922345873394,-2.446839096807218,0
298,0.09083103312857266,-0.23895718326763693,0
299,-0.8232330089034007,-0.4357984074836193,0
300,-0.34789843631545614,0.1504531529540809,0
301,-0.41358688145246114,-0.9361383139491439,0
302,-1.7561280329876534,-1.135406872460085,0
303,-1.6164002133425308,-0.7030347743241137,0
304,0.5452474998414858,-2.962506970588546,0
305,-0.8186725433208768,-1.1862843021932767,0
306,-2.0399078455818396,-1.7614376236744445,0
307,-0.18128749418219992,-0.06254740712640328,0
308,-1.4034722187499267,-2.280527496713151,0
309,-1.8377229708404625,-0.7529350629129045,0
310,-2.084032584375376,-1.939576813839476,0
311,-3.146686325024019,-1.8518843862790937,0
312,-0.16668481558963388,-1.107372696239254,0
313,-2.311801815197737,-1.358182397526816,0
314,-2.734859196396749,-1.2730071838467496,0
315,-0.36525532126232807,-2.47269894110291,0
316,1.3342581085965506,-0.18658743301321223,0
317,-2.507687297762849,0.40596709375062145,0
318,-0.17565726022371475,-1.6923710435513302,0
319,-0.44274429024100914,-0.5589799587080032,0
320,0.32509419029543896,-1.105322351634098,0
321,-1.9624636874267698,-1.1448171343002924,0
322,-1.8857346121060945,-0.2734589626064059,0
323,-0.8783913975348352,-1.9005281059745471,0
324,-0.7021770537702978,-0.7279045558861554,0
325,-1.4981801175888108,-1.1567850433120785,0
326,-1.014315924348729,-0.5943362199165769,0
327,-1.0351540002062607,-2.0809410476213177,0
328,-1.8574240162717808,-1.9263243758010549,0
329,-1.2713993339403868,-1.918017324058727,0
330,-1.6136750828800697,-0.5338281764241335,0
331,-0.984149489030853,-0.25225076281307823,0
332,-2.3315024167819027,-1.7253328718593224,0
333,-0.22081506910511384,0.8644570850873621,0
334,-0.7038613931305848,0.22975300741007243,0
335,-2.563818683959352,-3.7126961388158177,0
336,-3.056922255938659,-0.15324186200138823,0
337,-1.1770721031778075,-0.09149973339492246,0
338,0.7389344087342196,-0.9897414675633783,0
339,-0.5496812906863107,-0.8542108449018464,0
340,0.9024672015021766,-0.4047997763592024,0
341,0.3580256316932471,0.6506867515385595,0
342,-1.0816550897967598,-3.1544739042517245,0
343,-1.1290525092949348,-0.5018297114722163,0
344,-2.5542027498746718,-0.032769715018348244,0
345,-1.0317309005170652,-2.234895407680841,0
346,-1.5637663134610653,-1.126550986625064,0
347,-0.843788414877632,-0.8681719773070871,0
348,-1.3922293712408385,-0.542464338814663,0
349,0.13737175093503184,-0.6756944150032411,0
350,-2.5495129476781218,-0.6308230426887984,0
351,-0.4382158363380888,-1.1193542542337083,0
352,-2.106494084440116,-1.3858560782987694,0
353,-1.0405353588210533,-1.479528127513173,0
354,-0.14413554520159344,-1.331482579577301,0
355,-0.022154755953791128,0.09937370707090531,0
356,-1.3962919451692843,-0.7941540836412,0
357,-1.004112533958938,-2.0622410152392048,0
358,-1.801128901933906,-0.8008177780816221,0
359,-1.0433523644416896,-0.03413583174993018,0
360,-2.6990940822647866,-0.01359898252578251,0
361,-0.5718747140727194,0.2286583704829972,0
362,-1.4992777690639185,-1.6469030736081471,0
363,-0.6312049721057349,-0.48076332541347344,0
364,-1.5605497826126058,1.835321172803532,0
365,-0.3523870504736084,-1.0372276504220683,0
366,-1.2325798499567946,-1.0048602224984684,0
367,-0.958747018209559,-1.6061310376572742,0
368,-1.188250275574503,-2.0100541683155533,0
369,-1.5082031077805453,-0.43773263532754036,0
370,-2.433140421975116,-0.8280678261230849,0
371,-0.506812748704015,0.7524016565308767,0
372,-1.396035895337636,-0.8733226889333867,0
373,-0.30043436481301344,-1.0900161432802258,0
374,-0.11673735625802362,-0.9544927070985629,0
375,-1.2302635361722003,-1.20374100150497,0
376,-2.454149350625677,-2.549749275900452,0
377,-0.7168699063116879,-2.8639370758337614,0
378,-3.086507973852281,-0.20861467065269912,0
379,-0.2716699502616935,-1.443543949655293,0
380,-1.6778925709536872,-0.368074416759285,0
381,-1.8945772401644732,1.0251829920788031,0
382,-1.9792221608398477,0.7622352152860112,0
383,-0.5925716367199755,-0.7355608277997505,0
384,-0.28021919738762835,0.4490430436976629,0
385,-0.3488233532456392,-0.15440873911785757,0
386,-3.303571695402017,0.016727581765936916,0
387,-2.384461592461265,0.7231327293239127,0
388,-0.9371590611808958,-1.940485183579396,0
389,0.34084573718026645,-1.7594523288944093,0
390,-1.3117476172564817,-0.636421039222706,0
391,-1.9425210480263986,-1.8655403785900841,0
392,-0.981314103929495,-2.4760580773239154,0
393,0.5467450586264548,0.6107062823529577,0
394,0.8771184729068875,1.208362115554943,0
395,-0.6889816024296963,-0.8570440533821596,0
396,-1.0419955335761883,-1.1726924933411123,0
397,0.10000433681965148,-0.6462430968904487,0
398,-1.7021219007531168,-0.9583812489954292,0
399,-2.2795395430338634,-0.45260308501134616,0
400,0.6351255001515421,-0.42430567207235825,0
401,-1.6655516273375595,-0.578086076939486,0
402,0.4027402546753067,0.30304636889037595,0
403,-1.2435532760490142,-0.7667511157754581,0
404,-1.0029822249031395,-0.7147626490588277,0
405,0.3684745173620194,-1.9580969675239839,0
406,-0.24889964969506928,-1.1023615448406916,0
407,-2.2940794964245708,-1.000941423849313,0
408,-1.2173539740021408,-1.1889684434646062,0
409,-1.2851649429286454,-1.2313397682653575,0
410,-0.09665456810253814,-1.949273712661861,0
411,-2.388903037323328,-1.885830712829872,0
412,-0.7439163344410225,-2.5343019326665503,0
413,-1.7745756506124253,0.3664965013696613,0
414,-2.5134441525710134,-0.672035079212447,0
415,0.21334451227416862,-1.033320971037896,0
416,-3.034065884448102,0.9697211777594457,0
417,0.5275786868585299,-1.534029595100127,0
418,-2.801439812533962,0.0771586701240008,0
419,-1.3123108645442194,-0.9927485579202382,0
420,-0.670137455974267,-2.6316383127708654,0
421,-0.246520095583318,-2.4117947023568154,0
422,-1.1354757164660105,-1.9178372020417396,0
423,-1.3499980832991068,-2.0930890381324487,0
424,-0.7414019757894836,-2.0233064102417906,0
425,-1.0680936602473636,-2.2161549614572627,0
426,0.6706057698840224,-1.5841512735786132,0
427,-1.623041754259879,-1.5936638483833354,0
428,0.193629403319584,-0.8673538568668397,0
429,-0.947270632071576,-0.06752124419836913,0
430,0.11598767150664613,-0.37544200593833665,0
431,-1.5932182985267511,-0.6357218361034783,0
432,-0.7623941508127303,1.1426917014967608,0
433,-0.4578637391294057,-1.5737924150560516,0
434,1.7009277713234598,0.3068041486426434,0
435,1.7162233630391497,-2.2609694119407227,0
436,-1.4567801599396784,0.21598315108135058,0
437,0.3690266513024769,-3.1630690946174864,0
438,-0.2867943333959174,-1.4962178281648417,0
439,-0.402664576493422,-0.6303690613566796,0
440,-1.0053440445752369,-0.8450824634655751,0
441,-2.2227230005206664,1.0285290221336623,0
442,-1.0817717582743582,-1.088168768933804,0
443,-3.0123756005066213,-1.9056924255546386,0
444,-0.3500826361701924,-0.34594878928268435,0
445,0.6085897537305298,-2.355127875540938,0
446,-1.533877331773477,0.22610846432309795,0
447,-0.6310461954481672,0.33114867217258004,0
448,-1.5839931593771488,-2.477038747711614,0
449,-0.4803186359638789,-1.0018885979713195,0
450,-0.1205970348762827,-2.1574191030190093,0
451,-0.13224016939811056,-0.2054685177008696,0
452,0.5628213300863869,-1.0403900168960882,0
453,-0.6094583413280614,-3.24849436980878,0
454,-0.04349536142008226,-1.8885230835047218,0
455,-0.31333736967154024,-2.3473461407929843,0
456,-0.7259620532419917,0.025515971334730603,0
457,0.6699923644243655,-0.2645854784041244,0
458,-1.5367303189110122,-3.2834522542638918,0
459,-0.8189940968125637,-0.679736313826135,0
460,1.4245389584396948,-1.3201494209367532,0
461,-2.4524933907787068,-0.18568161334650002,0
462,-0.3869480234058349,-0.2751985293592505,0
463,-0.28354076306766385,-0.9727976410960729,0
464,-2.186013310630895,-0.5570429932004839,0
465,0.8940347248638791,-0.8783522047739966,0
466,-0.925097913478089,-0.5332833111570487,0
467,-1.913265422146723,-0.831459292192928,0
468,-3.4544544748774646,-0.5853020790740371,0
469,-0.5499247009000745,-0.3371418510280324,0
470,-1.9421746354834848,-2.6212594541338152,0
471,-2.6951206557095073,-1.2031732688923378,0
472,-1.3376946930248665,1.553896353055118,0
473,-1.4403050864964424,0.3446849486396364,0
474,-2.243189427021684,-0.5162660382951032,0
475,-0.029522382623894505,-1.4494471911461262,0
476,-0.24646136353373727,-2.2140282741557016,0
477,-2.742200488028422,-1.4625328083502973,0
478,-0.24809374748358903,-1.7652982771532595,0
479,-1.3909860074469362,-2.3354111404636493,0
480,-1.74502084353086,-0.2918234237230213,0
481,-2.012403983344124,-0.19112964421657253,0
482,-0.36004328136693653,-2.713703182735056,0
483,-1.5968443965046009,-1.1366051833356128,0
484,-0.625307592383838,-2.4418072580902397,0
485,0.3514911013261597,-1.7675352630128356,0
486,-1.603498801116521,0.17712811963245412,0
487,-0.2561769442025339,0.7151660608574195,0
488,-1.2623018126474135,-0.13022473399343937,0
489,-1.0203796538882934,-0.015496419166049158,0
490,-2.37095195697784,-2.023235568268496,0
491,-0.9916122810293784,-1.7140646168659361,0
492,-0.6345583053571573,-0.10201808577372196,0
493,-2.1095342599888545,-0.3725532364406824,0
494,-2.4062460005585313,-1.816007623924497,0
495,-0.9562171444394757,-0.503325038286361,0
496,-0.34412563670521223,0.8010537527009449,0
497,-0.18775700931624473,-1.713669085720783,0
498,-0.7665723948723717,-1.2676818880632172,0
499,-2.763855662348001,-0.05328930166181822,0
500,-1.8994781341369076,-0.2349156188337902,0
501,-1.9873971986166334,-2.2583724650681773,0
502,-1.2973516755483088,-0.11093359120104862,0
503,-0.8387336164775281,-0.08597642807002126,0
504,-3.0461080023253353,0.44367215035911634,0
505,0.7246914069814636,-2.3162561971309623,0
506,0.3640924966598824,-0.9470880947908085,0
507,-0.37363576741545224,-1.8673539233263066,0
508,0.520854148321563,-0.5660211213947669,0
509,-0.880458017842178,-2.3562250692451308,0
510,-1.450978937623015,-1.6906449105870687,0
511,-1.726409719932957,-1.3917414432372914,0
512,0.8753202714812882,-1.4613280780618885,0
513,-1.0622310864464202,-1.8753395134168889,0
514,-0.7500149872133707,-0.5102148319055664,0
515,-1.8462849693344296,-0.7125313476690094,0
516,-0.5105870459975713,-1.6595282246080851,0
517,-0.8339920739106041,0.8431495042087043,0
518,-3.1210358925392265,-2.347062391779277,0
519,-1.9160346925479366,-3.63792602636794,0
520,-1.074261315172012,-0.7266508884805101,0
521,-3.7730907352799825,0.27820490846030355,0
522,-1.339454687579693,-0.40706162983614447,0
523,-1.0360027343788416,-1.5592173222052161,0
524,-3.0686307384801044,0.30796891101506807,0
525,-2.1024503880976457,-2.2257229957093383,0
526,-2.155035045878388,-2.3338558865106753,0
527,-0.3593136337298958,-1.9898849027640884,0
528,-0.5401671872613358,-2.890895068791479,0
529,-1.2859189540501452,-1.1854595529779945,0
530,-1.5333251589978294,-0.9941112397660149,0
531,-1.5887035054043381,-0.913371467724102,0
532,-0.9125974520885992,-1.3372657451781087,0
533,-2.012523164247244,-2.155844314096628,0
534,-1.025242657073176,0.07726053270709143,0
535,-1.2705720494155184,-1.659925190430566,0
536,-2.79589949098389,1.4844628042375216,0
537,-2.7536950718129076,-1.0100902458876775,0
538,-1.1843937326332856,1.3623456092222308,0
539,-1.878979759597497,-2.421835498899451,0
540,-0.6547248534765171,-1.08820836956407,0
541,-3.279021012670037,-3.098459885775117,0
542,-0.01040306564936222,-1.185783004334478,0
543,0.36054307707156275,-1.7018318570874564,0
544,-2.832059276799602,-0.028644661117152248,0
545,-1.5920450217609061,-1.442476007308967,0
546,-0.8163615535712881,-0.03552903672205976,0
547,-1.2737968709551764,-1.1507038993610705,0
548,0.15060505284450731,-1.12400670159339,0
549,-2.2197021929448493,-3.0084543918155315,0
550,-0.7888003505357828,-0.21713084713473974,0
551,-2.284399289083827,-0.5894561768498008,0
552,0.1035154899041193,-1.3189759951851472,0
553,-0.5331997174027252,-0.9046522769383404,0
554,0.07908818394019046,-0.15648773133052907,0
555,-1.6115073438592222,-1.4925573817777833,0
556,-0.7631172340899816,-0.4022370656551749,0
557,0.6949106151553219,0.10275784360722873,0
558,-1.176111416673077,-0.5582310344013529,0
559,-2.60302707533908,-1.9330886255596789,0
560,-4.467109411537477,-1.8496932771501293,0
561,-2.565483614984249,0.06060852322258237,0
562,-0.8004892088073549,-3.653242534666173,0
563,-0.7293805005945201,-0.11032127134384695,0
564,-2.720180787026429,-2.5381108725350963,0
565,0.7325304447959227,-1.8176535878290334,0
566,-1.1343642678381516,0.6936915384282558,0
567,-2.010415638763823,-0.1273073592261318,0
568,-1.011616618275298,-2.532614474144652,0
569,-0.0391891644091793,-2.790158196183616,0
570,-2.4835684391253148,-0.5075300346962248,0
571,-2.0581340699546287,-3.0680794452297615,0
572,-1.405898302703585,-1.05978113011734,0
573,-3.219456536981179,-4.238807716408943,0
574,-1.2797766478095896,0.21325086152623385,0
575,0.7764963185770768,-1.4761075190326003,0
576,-2.8000667031943856,-1.8714649249264332,0
577,-0.11778424813586541,-0.033262732343148915,0
578,-1.5032047597791318,1.7814372087361128,0
579,0.13292169589651714,-0.6460071580648128,0
580,-0.7279476999418334,-0.23990980896522696,0
581,-1.3923812248751704,-1.85030923142277,0
582,-1.9016438494895853,-0.09643706577106304,0
583,-1.320062666646845,-2.6509327419624173,0
584,-1.3151751858143368,0.22368725164916703,0
585,0.06853735354182233,0.4837188707366422,0
586,-2.8348597793369024,-0.7655086257133608,0
587,-2.3613387677746767,-0.45605952031350283,0
588,0.1975802272558964,-1.042539421327243,0
589,-0.3851992819859138,-0.6191940668640656,0
590,-1.3010666867533571,-0.7454640556628959,0
591,-0.8108201656013507,-2.655394173338826,0
592,-0.845667088647433,-1.0023944973236663,0
593,-2.470181958441721,-3.224292868859419,0
594,-1.5806445761266743,-3.5516316319315346,0
595,-0.9136217051636679,0.899461549944421,0
596,0.03847889868474286,-1.7815940621809,0
597,-2.234708493268325,-0.19542116481352,0
598,-1.3484042491833672,-0.4171178627318578,0
599,-1.3418021087939536,-2.567405855664867,0
600,2.097457074141604,3.531978993149182,0
601,0.8341951101848853,0.5720650017790021,0
602,-0.43278082649174254,1.5381895024763388,0
603,0.5556852529841878,2.4242055602592214,0
604,1.5368999983886613,0.9289392337284972,0
605,-0.17405248999142442,0.91881369121055,0
606,0.20407125961677897,0.8096901598740562,0
607,0.19839247991413456,3.4211426936800065,0
608,-0.9675875923738857,1.1884628501160655,0
609,-0.1153859750649977,0.9265824534245293,0
610,2.566895330933826,1.137384880032999,0
611,0.9724228718998887,0.47370874526883555,0
612,0.7314776051503002,0.6510056438422228,0
613,-0.12402421143107212,2.487495430837209,0
614,1.7571283822021777,0.8430076894976426,0
615,1.3061625667930217,0.3263472801407591,0
616,0.6586125722345728,0.534200909489891,0
617,0.7497739384986641,2.3583270800906755,0
618,0.8456720343905422,1.0727884381210702,0
619,-0.16025481184995827,0.7819924533084609,0
620,1.102758247267495,1.7049256066588896,0
621,-0.9126886567927612,0.37799526305073294,0
622,-0.35727306498206524,-0.20549459996253527,0
623,0.6787215130322921,2.1385930810977736,0
624,1.6795986098831366,0.19015264593772352,0
625,1.3006865290660707,0.803488425856979,0
626,1.049734738770702,2.1424549779232294,0
627,1.5003439233960159,0.42019650601054315,0
628,-0.01877464616279645,-0.012002383589175603,0
629,1.5211264966718534,-0.3739846543671197,0
630,2.042401839894556,0.4262847642419424,0
631,2.755809873997394,-0.05463529400912881,0
632,0.19077829426008552,1.3221790663507542,0
633,1.1302878049445113,0.6988308398128691,0
634,1.3593845373519102,0.46610852505142497,0
635,2.0722589634831783,0.7970731485051483,0
636,-0.6306057503497611,2.8112997502579584,0
637,0.6663681244490001,-0.0911511095784896,0
638,1.4798131041425162,0.5749263111876544,0
639,0.27838022285882513,0.8231708910738317,0
640,0.5617771878877346,2.688449492532868,0
641,0.3788675529061629,1.1108024373465746,0
642,2.236620095673979,1.2982517690014594,0
643,2.612558205735101,1.298997963679995,0
644,1.4128817172790744,2.258440824318871,0
645,-0.02698028335330127,-0.39844717770198934,0
646,0.1822410431075766,0.43216985887555426,0
647,1.7744406377340671,1.4069237275523832,0
648,0.3835331767823301,0.4591095988492422,0
649,0.47978512917008564,0.03983521741551388,0
650,1.4590258713952577,1.094142767720323,0
651,0.3242718182749308,0.13640830344933141,0
652,1.0443977380953668,0.8407172151610783,0
653,1.1072514714595314,1.475189717666699,0
654,1.5754608620227593,0.045378338146982,0
655,1.3939425132118648,1.4827747533175808,0
656,0.3747076016287122,2.338585214078094,0
657,2.0922613061652195,1.0751850932149207,0
658,1.5243104523704814,0.7977929582079679,0
659,1.1912048550910912,1.0661133017331208,0
660,2.00057215386588,1.0130915633142015,0
661,1.715753553588664,0.16154587321867042,0
662,1.5403730012005727,-1.163801341377921,0
663,1.489523749876882,1.746917892699107,0
664,0.9595908263343098,1.1147067279964873,0
665,0.8612852082041955,1.5422962488048493,0
666,2.1208255609406246,1.5352696831629644,0
667,-0.1788330684801558,2.779706412361601,0
668,1.1057890310518865,0.3564766089227118,0
669,1.4962562708537646,0.9749891951532389,0
670,1.2587429258425542,0.3281345751698773,0
671,-0.33029632857063174,-0.5427357489687448,0
672,0.7036228785471057,2.3188731616734457,0
673,-1.6347056640708297,2.2809013549738086,0
674,0.8080003186928212,3.428101973680603,0
675,0.9623324546397071,1.320810449468584,0
676,1.2121948561004285,1.2690533889468958,0
677,0.06303200631638928,1.2610572151375221,0
678,1.7587618086072347,1.7131598369269774,0
679,0.7893798266671943,1.9048507292885395,0
680,-0.2512005760374927,0.171169903743832,0
681,0.988199884547635,-0.13263261316826158,0
682,0.9145146440307647,1.2963239667633513,0
683,-0.8558241338707133,1.760906985005985,0
684,1.563653528762186,-0.6131534373704899,0
685,0.8561474120474708,1.0530063582401077,0
686,1.3394878061151392,0.7275777270589743,0
687,1.0837587987830046,1.590595785242105,0
688,2.2624370709863464,0.9762460476708855,0
689,1.883332618265839,2.382237527901097,0
690,-0.9816274158042695,1.8666455641755435,0
691,0.8037813047262332,0.12767904806951935,0
692,1.4285545905280315,0.5110562697350681,0
693,1.3410885083330022,0.4606029916260995,0
694,-0.6214376096740497,1.849742764714735,0
695,0.367205762983412,-0.05138360393388064,0
696,1.0193514666941232,1.4976135458799005,0
697,1.6682021194582144,2.678406122778812,0
698,1.9432861799242327,-0.550067457007223,0
699,-0.3751871543967842,2.776061733014875,0
700,1.4776584401458024,0.4918423512727068,0
701,2.3632953079333703,3.0509061279503773,0
702,0.7566080227503016,-1.3882427966600477,0
703,-0.37256041154895847,2.5425703009582907,0
704,-0.1566308322202381,3.1947602587529613,0
705,2.0674818775521686,2.0638577413666117,0
706,1.8505124268703321,1.2263854023192229,0
707,1.5788171168483078,-0.05235605562064416,0
708,0.3644122027759722,0.8621570966941465,0
709,0.6188523354935491,1.114736590078612,0
710,2.151754687231729,-1.3493148433679272,0
711,1.2493477449327046,2.476426557635394,0
712,0.5356586417750282,0.23490718092984164,0
713,-0.40816963877676793,1.2438379837348166,0
714,-0.4075892501526115,0.06095743668101106,0
715,2.720394240280326,0.39100513268875847,0
716,0.04280301798091757,1.2087117192739092,0
717,0.9805923508813662,1.2986548572558076,0
718,-0.8997781051866087,1.669643994350527,0
719,-0.3544136430397773,0.4215082905534038,0
720,2.1121779982122666,1.1492676511281918,0
721,0.8895323166829511,2.235808376327814,0
722,1.251619131734138,0.7179574222226364,0
723,1.7244632053352391,2.697750867676982,0
724,0.6161182220536179,1.2977920407737011,0
725,2.501266882887707,-0.5438701909291312,0
726,0.30302299335349137,-0.9169576924523126,0
727,-0.4102672553925957,2.3274392997077884,0
728,1.011178307539408,1.5907041562950779,0
729,2.5965895435665596,0.9575140658020916,0
730,1.356567128100289,0.442160814576659,0
731,0.5289542629409012,1.3426622311079455,0
732,1.7412834032612885,0.6533722243640473,0
733,1.497039135411629,2.5044901294080435,0
734,2.107730804357278,2.479567048233525,0
735,2.026698821831249,0.09161993202989993,0
736,1.3346273953109404,1.904078378738359,0
737,1.4885089550972768,1.4147176245551252,0
738,2.119871871601244,2.1300575785552587,0
739,2.0223949537527917,0.1495243743279253,0
740,0.6023981062428785,1.6297715120876002,0
741,1.8858936770408157,0.9363892770752305,0
742,0.48725876462701334,0.700461939127704,0
743,1.181473134539226,1.1197653818521391,0
744,0.6572608863538827,0.4856270544620488,0
745,0.12140328169500925,2.735121488891476,0
746,0.01976214959774414,0.4565538387739294,0
747,1.4114583052206549,0.6986423183890922,0
748,3.7550087767387295,1.0903094577746937,0
749,1.4441390885550551,0.5238989941121253,0
750,0.3846387253755019,2.538904916413485,0
751,0.16194989608117105,1.2133130353471153,0
752,0.6321423034226105,1.8558819086863347,0
753,1.7436777946134252,0.172068710423252,0
754,-0.07730693472646366,1.606345325210395,0
755,-0.2206551403245609,2.064207980399668,0
756,1.5606838654715935,2.1641428276421237,0
757,1.0651812993721566,0.04864139936170242,0
758,0.33881121854854646,1.5681433381720185,0
759,-0.85596570718435,0.2376766067024868,0
760,0.7214502794553033,1.320878148862935,0
761,-0.504232093513062,1.8475743122828776,0
762,2.151412180288797,1.5390551312214136,0
763,1.106837589901688,0.21784634707260286,0
764,1.4961436024001042,1.089549339891024,0
765,2.6329796131680983,-0.9170475484169016,0
766,1.9028619989204985,2.6238197270451655,0
767,0.9148300732603124,-1.6760833283481533,0
768,2.095113342816995,2.226231721936324,0
769,-0.3455278765521397,0.6444400734284148,0
770,2.313874944976954,0.472381634060305,0
771,2.722197583408594,0.8658153951500791,0
772,-0.47957002399945026,0.2239742785851061,0
773,1.1659307930223504,0.005831982858463758,0
774,0.9688939481415477,1.7646894968479645,0
775,-0.9008664428129554,0.37722705877104634,0
776,2.9151146939994037,1.0703055820416414,0
777,-0.05731570087247895,-1.5565536580651211,0
778,-1.0972370803372447,2.347360957530282,0
779,-0.906851046364813,-0.14450674465440638,0
780,2.9781891974529318,0.2462582150847089,0
781,0.8090629212033491,2.0902963328253676,0
782,1.4315542169893731,0.451686894981138,0
783,-0.5543813197010174,1.4386300059323023,0
784,-0.14470209648613208,2.076385569510813,0
785,1.6952735020906469,1.3792495541399041,0
786,1.4486590190317405,2.5368161774793876,0
787,0.31554739737618664,0.7707087324392264,0
788,1.4769791733802702,-0.21045217887708523,0
789,1.1992107908437928,-0.562533102954909,0
790,0.2971794690491233,0.30651378514812966,0
791,0.6991007616719217,1.6255180329554748,0
792,-0.009089077283651159,0.09094482395840842,0
793,0.18939018929720153,1.483832730162208,0
794,1.3633401499786508,-0.5582292513806582,0
795,0.25324833200267394,2.911121616418416,0
796,2.3563774472281045,2.0485079464961538,0
797,-0.9580046294059668,0.4993460597567144,0
798,0.8465517026881717,1.4642859467098208,0
799,1.9637596894341902,2.1427854785966485,0
800,0.10536397867357628,1.2887375700770356,0
801,-1.0290911951002966,1.6305414881926126,0
802,0.19703203470047592,1.4948492710448376,0
803,0.658762489491179,2.5208100516463547,0
804,2.6593315800010395,0.5304283981910123,0
805,1.475847835790915,1.8593526255125779,0
806,0.48450841576986947,1.9904721846379705,0
807,-0.434398480224363,3.063556992303322,0
808,-0.20939667393049133,1.3669939602148578,0
809,1.8377466449223911,1.1767443275536544,0
810,-0.07262648901388058,-0.4961424113624482,0
811,1.746202686713219,0.8140365609302189,0
812,0.405480279235489,1.3229441708225647,0
813,1.4748979965284075,1.556315620638914,0
814,0.29341423128125466,-0.03876994274214973,0
815,0.8339390399418891,0.7726043559276237,0
816,0.5870528844064649,-0.4646510247213005,0
817,1.5866904526358905,-0.160888963188079,0
818,1.5183763057324073,-0.9820118606609041,0
819,0.7136777106995329,0.9473428336713301,0
820,1.2510245467865073,-0.8487858558644357,0
821,1.2469782433748586,0.14106285208359914,0
822,-1.25621867882511,2.0093740235447193,0
823,1.3800655236324162,1.3030732111387822,0
824,0.8068009597445056,1.4326106643699101,0
825,1.2603486368040433,-0.10294310678090213,0
826,2.0632749300451674,-0.39815468447783187,0
827,1.6867696882853056,0.10085624318428443,0
828,1.3775179088546257,1.665450171456769,0
829,1.2556891099984153,0.9232602364406152,0
830,0.8844574551614475,-0.667905178872187,0
831,1.1347534762104232,0.7243666881199553,0
832,2.98260502522019,1.682703337349076,0
833,0.2558097698059718,2.9955917135210774,0
834,1.376218978929402,-0.6618170881962218,0
835,-0.15189452588778574,2.647197512051884,0
836,0.002462559945468512,-0.07404790427606245,0
837,0.6264825431533294,1.0633141029614386,0
838,2.3302726888726846,0.087662754052648,0
839,0.3245014740213762,2.0674433680520705,0
840,1.9923891459731347,-0.4911441885067711,0
841,1.3310075136679482,1.7881447841946359,0
842,0.7063329772802553,1.131576271871522,0
843,0.8212530286317803,0.9104537456237681,0
844,2.039588801323939,2.0952151794832785,0
845,1.9109986628854723,0.17355414202811792,0
846,1.2944657679178535,0.8041663817741642,0
847,1.5357262304609516,1.6016043143110124,0
848,1.8633265097789429,1.1783139497191089,0
849,0.7109074857936977,2.4526948972281275,0
850,-0.7817269437784706,3.033493948050191,0
851,-0.0010370046107555098,-0.10126499857049742,0
852,1.0167711861241326,0.9606108065764584,0
853,0.4601178146081083,-1.0238170780099467,0
854,1.3561438321979735,0.4546180146462525,0
855,0.8962151720254957,1.6889888730867693,0
856,1.1361943499246552,1.3999123898303283,0
857,0.5782505597098029,2.0160075580909016,0
858,1.1532601466336816,3.044648376033369,0
859,0.9311753750493131,1.2247761352417421,0
860,1.4425556700120428,1.2085242560878333,0
861,0.801490984618476,2.6774933374013345,0
862,2.0307504425964753,2.0324921798616176,0
863,1.538029796783707,0.5687996486476912,0
864,1.7803190988954123,0.16257850847642352,0
865,1.7404668517265556,0.1487296625361877,0
866,0.6144600843597456,0.16773893632052816,0
867,0.5846449182950021,2.2880458938307977,0
868,0.17146825374334096,0.881463216056269,0
869,2.2043751455013076,1.9103376239923182,0
870,1.5388230675910894,1.4899571703304149,0
871,0.010457291361745447,0.9258908441581073,0
872,0.8300201275953584,-0.6381954625458957,0
873,2.5866230018625114,-1.034731176495943,0
874,-0.10113521877784026,0.983540484530086,0
875,2.814011093000529,2.858841932968419,0
876,0.606495565484012,1.7065830015933243,0
877,1.1217910146172634,1.145619027698975,0
878,1.723772615454908,0.4998139511013443,0
879,0.25720221316905667,1.0232295638520232,0
880,-0.9076864508705906,3.0210671191851195,0
881,0.397704223662399,-0.45255955250297686,0
882,1.8750460288378574,1.3475338115622113,0
883,0.7124536718264685,0.7261803824820978,0
884,0.16601180971652973,0.13677086084028123,0
885,2.0129883138259053,1.8476467111899577,0
886,1.123848588290052,1.9146514102536667,0
887,1.0810869881585654,-0.7317986208248888,0
888,1.1564676394206042,1.4984802598504847,0
889,1.7033236633521185,2.199548575289005,0
890,1.5504602173758522,1.3903033823072497,0
891,1.0883585983419284,2.109268752858836,0
892,1.0484657324427369,0.6383677759458749,0
893,1.6024699623645726,1.6361682134156839,0
894,2.214675069193853,1.173676303670579,0
895,0.8491849314452713,1.253251577238067,0
896,0.9275321857345635,1.3576412955714592,0
897,1.6253456245721294,2.7705155277034583,0
898,2.8482395255233555,0.3715104193278018,0
899,0.9192192391623105,2.3532178850758845,0
900,-0.2347586770366703,1.2701852459950178,0
901,0.06922425527516018,0.5871124128416032,0
902,0.6893178300167497,0.7708327595862495,0
903,1.5611588434083226,-0.1340832443422726,0
904,-0.1297999843019464,0.5688998427942382,0
905,1.2785626646115755,0.9423006694669656,0
906,1.252125982157109,1.0753657939889285,0
907,0.011399970680305738,-0.13929023727024092,0
908,-0.4068299336421042,0.16088246966630126,0
909,1.7417638982534802,2.185943242329634,0
910,0.35650964019404485,-0.1485594379064814,0
911,1.7316300137327403,0.5077791435915566,0
912,1.3636323901982592,-1.1371226597472992,0
913,-0.03123615140497704,2.9454618245591386,0
914,1.5408908938908847,1.639103281657897,0
915,-0.2674652969155431,1.063961025883583,0
916,0.5361424256821685,2.164884025651406,0
917,1.8686445199975266,1.1055442874894132,0
918,1.6608357326046528,1.1550843351388649,0
919,1.3838652350678082,0.9569473240673797,0
920,0.9509117936748241,0.2600891813436771,0
921,0.20232886676706063,1.2824170150869294,0
922,1.6388939361619896,0.8308302381898833,0
923,0.9504884146143308,0.13172041715787453,0
924,2.600771261196873,0.3072837028049771,0
925,-0.1579371064136652,1.588480151457882,0
926,0.08232077356225997,0.8307763043145092,0
927,1.2419787660764068,-0.4091961020109822,0
928,1.3473488471600563,0.9304127819170844,0
929,1.237564407203024,1.827774811478254,0
930,0.7770562272037278,0.6809237421752388,0
931,2.2450264600302967,1.8130925874459276,0
932,0.5911755620201131,-0.15860778524404817,0
933,-0.9462673567370563,1.4181033554104892,0
934,2.2834919486210095,0.354708210431797,0
935,2.388232789159603,1.2580895713470108,0
936,1.1846346993826957,0.9503323627802281,0
937,1.2110829845280675,1.3292449911768391,0
938,0.2490443195246541,2.2777629476236396,0
939,1.0480320707502768,0.8894252133759298,0
940,1.009533773861429,0.11589158079687412,0
941,0.2276022706685663,2.829641823063266,0
942,0.019368799588336816,-0.004648198812177595,0
943,2.772012995794715,3.4506601013812275,0
944,-0.013846239453502607,0.5401352605048165,0
945,1.7063736417819437,0.5266813962415181,0
946,1.9699302327602384,1.720860659153193,0
947,1.8060056850442314,1.5895169384867758,0
948,1.4428816970719467,-0.15611224630677656,0
949,-0.5687542182401042,2.1589972780300095,0
950,1.700364983549088,0.32133581658078436,0
951,1.535047730018849,1.0830582985073756,0
952,0.3027585854808241,-0.5481718827353554,0
953,1.6305066510809954,0.35255289561722947,0
954,2.547823872206302,0.8832403070828754,0
955,-1.3302264447597167,0.33799417873537163,0
956,0.45676754524405905,0.04205320988344796,0
957,2.21725878464863,2.1700081481048175,0
958,-0.6182480089044289,1.6480379518534658,0
959,1.2232977864606573,-0.8395920665211556,0
960,1.477649078964593,-0.1462535615231082,0
961,1.0626916205230603,1.043106533778809,0
962,1.2519593888810214,1.2202165682197923,0
963,-0.4077205950215508,2.0817473008135403,0
964,0.4927501578945295,0.7097421885273083,0
965,2.3263118737378443,2.527855261356974,0
966,2.5332923365864923,2.4139696920805864,0
967,0.2779493392293003,1.5457738113025155,0
968,1.9550736876693944,0.9148736425105828,0
969,-0.1512633530370362,1.4677360449981842,0
970,0.20777670751960908,1.2173766318321189,0
971,1.9176444046527197,1.8492566880952364,0
972,0.17607882985195966,0.6726866456665985,0
973,0.634855372580206,0.8367060515714335,0
974,1.9392935569039502,1.1433142346116494,0
975,1.7832173557761615,1.8639427084524092,0
976,-1.5227121789294618,0.5393560510625187,0
977,1.4062736751941125,1.5911632636970099,0
978,0.33647567626137564,2.361098459907338,0
979,0.9536915964181512,2.1115504498611157,0
980,0.057643467016250005,2.118571439932497,0
981,2.305719412108915,1.9896488578182794,0
982,0.7446336932428206,0.22454545986604524,0
983,0.8487304349294188,2.242231409012362,0
984,0.8614569017186438,0.36546629434603906,0
985,-0.822309685029365,1.884572209499725,0
986,0.5609095108234915,0.8941427091054808,0
987,1.9423899532165123,0.3780779509621549,0
988,1.0010266699691823,1.9062852119097125,0
989,-0.17430501656586483,1.171990695053413,0
990,-0.5312901053395098,0.9465931217959529,0
991,0.5450814266030595,-1.0205591417636097,0
992,1.0465461510021026,2.120469982501737,0
993,-1.161724259721237,0.25468376155532724,0
994,0.9503742694867311,2.192793265818633,0
995,-0.044025421427006606,0.0787571915027212,0
996,0.46816258321704707,2.0911936002196096,0
997,-1.3066972058005906,0.028982717645115286,0
998,1.2515671141498115,1.2393218729724322,0
999,1.322637624983805,0.44741680240680703,0
1000,0.30245870191157354,2.1098690658397694,0
1001,-0.02939702151280077,1.0716535845276405,0
1002,2.7792527709394577,0.2065567541154807,0
1003,0.3072441458833931,0.6545994098185104,0
1004,-0.20339412469241736,0.6197894338198657,0
1005,1.498890808593219,0.47582670415897266,0
1006,-0.22455973017144126,-0.27947755892821746,0
1007,-0.26128493733031566,0.8672605970093312,0
1008,-1.0508092870995887,3.5572837467339595,0
1009,1.6266569149059946,-0.07025123146980916,0
1010,2.3006882501380113,1.7202767137121504,0
1011,2.8448889522479806,1.6011895396912954,0
1012,1.3336136197277786,1.0099441871446793,0
1013,0.39886762861892056,0.1444995646726227,0
1014,-0.2095066602548188,1.2636822076257173,0
1015,2.157140876040802,0.801144102790898,0
1016,-0.7636373049172109,0.014927832143344477,0
1017,2.149892195779285,1.892882695943606,0
1018,-0.10632940135099811,1.3881162525495157,0
1019,0.53164942947095,-1.134944414858857,0
1020,1.5660030910472655,0.5402548520054021,0
1021,3.379573579511633,2.57104597913105,0
1022,1.485976764673082,1.6072890165056872,0
1023,2.056556575070843,0.8724796914583101,0
1024,1.4168408953192388,0.5861100307962266,0
1025,2.307411689062061,0.8316032618853239,0
1026,1.7715487248733954,2.2465556414954233,0
1027,-0.43300441425740277,3.2728226942542453,0
1028,1.299923637882791,-1.0560577487155518,0
1029,2.0436557185981834,2.409964266628651,0
1030,1.1250905012264232,0.7742320059742209,0
1031,0.45802915276707334,-0.4268784340566629,0
1032,3.0779355853118324,1.20984672858211,0
1033,1.0768600722208235,0.3654113406662579,0
1034,2.5036615410972614,0.6905672174266289,0
1035,1.8147569895440787,0.9671262689950316,0
1036,1.1479902943039424,0.8466400441809008,0
1037,2.56353575272985,1.669984038816642,0
1038,1.164822966827766,1.8786236576213136,0
1039,0.48937503413715167,1.364350609033198,0
1040,1.4782732442828048,1.7574908541598062,0
1041,0.10276904839337486,2.9128696133182066,0
1042,1.1833493715299774,0.9998280136834933,0
1043,0.7295180926128779,1.4872357917848793,0
1044,0.6466616799418777,2.3814054170386925,0
1045,-0.24008220244321854,0.5921462088182265,0
1046,0.140163052511022,1.8251057364897794,0
1047,0.5222491492861832,1.0903522817513027,0
1048,0.658106035939725,1.623389216456526,0
1049,1.3445961382541223,1.1765500560134265,0
1050,2.551806601154767,2.2978130920270283,0
1051,2.934320795831118,-0.8476973100544256,0
1052,-0.8632672534487618,1.3835299613872998,0
1053,-0.2580969320785613,0.7113116106111275,0
1054,-0.39816644381112054,1.0870381878356836,0
1055,0.5790898704557337,0.7960090404346792,0
1056,0.8815636591265311,2.140696319439183,0
1057,0.5546193669697872,2.995274303916581,0
1058,0.46871080730588477,-0.722247080302516,0
1059,0.09471022976884824,0.9348339300027421,0
1060,2.021379963225031,-0.07734002270198714,0
1061,2.4319463098582443,0.869541856429076,0
1062,-0.23668694592978756,-0.41791158109442383,0
1063,0.06084304835122556,0.14391726366771895,0
1064,3.817385458544211,-1.7521111553119737,0
1065,-0.9380228481395081,1.6785863154638183,0
1066,0.6824480039319119,0.5008866708903534,0
1067,1.43988552504672,1.303967886774673,0
1068,0.6271459384207032,-0.9375895728449974,0
1069,-0.45381909967030554,-0.3391222552080666,0
1070,2.7528403288890932,2.0588524268120776,0
1071,1.2103198738335357,0.6851813125807777,0
1072,0.46280034679579074,0.3746148356665834,0
1073,-0.38880378189901,0.32926141793057895,0
1074,2.502640437008023,1.1388564629022477,0
1075,1.2878452950043575,0.3622893271647424,0
1076,1.345886572746576,-0.6167519504225205,0
1077,2.4157531822860774,1.869299764825652,0
1078,0.699634088928514,0.20397926875438133,0
1079,-0.5214859314569205,1.1490953864766675,0
1080,1.1675078878669218,1.6069223699864166,0
1081,0.06962948949037295,1.9835263204863942,0
1082,2.6180071582009514,0.6690773211702389,0
1083,0.8973780100767768,1.8561427901233043,0
1084,3.3303482916515317,-0.3031616999706337,0
1085,0.9680086870921802,0.21937390470401208,0
1086,1.0081543534821273,0.1974487074910245,0
1087,0.6668816074910309,0.3119642877772252,0
1088,2.2418020752560976,0.46226894312392597,0
1089,1.2917755855569988,0.12548562012665132,0
1090,1.4672371951232281,1.0314071410734487,0
1091,0.693017894600624,0.07468382515518168,0
1092,1.4690886532459504,2.6319909749426875,0
1093,1.5808003721136452,0.8776897781611388,0
1094,0.5294452320741525,2.194073502840122,0
1095,1.0301907944264013,0.9150896820570015,0
1096,-0.21393204576058245,3.2047718929965394,0
1097,1.8639156886126873,0.9358738052181661,0
1098,2.2348593899493823,2.7574279113093674,0
1099,1.177720619385814,2.07653834346646,0
1100,2.1427121784212186,0.32251856472138873,0
1101,2.1629494459808924,1.1570876712798022,0
1102,1.820706131959771,2.3660553173919903,0
1103,-0.8034675721293416,0.6966760871612813,0
1104,1.8511922535666998,1.919570872431588,0
1105,0.35404030512553786,2.245893504890974,0
1106,0.5653619086214912,0.5594758760402654,0
1107,0.4299514642349006,0.7229024523214769,0
1108,1.831438123242056,0.2162711695669688,0
1109,0.559373330816499,1.5951106885838482,0
1110,2.195046696999583,2.360874151481257,0
1111,-0.29015487726189493,0.11902407204123722,0
1112,0.8070231065908703,1.4822119968156373,0
1113,1.0981622035416065,0.8148526687517366,0
1114,1.0344464147774128,1.1019241858353601,0
1115,0.4076808863786945,0.7598242354398719,0
1116,0.010111711625392594,1.3070879478079256,0
1117,0.6971111038154476,1.4078791616767923,0
1118,1.809030116933942,1.9061417964319332,0
1119,1.1273729061582687,-1.1304842322886275,0
1120,1.6503403303643713,1.175463612058604,0
1121,0.06971952163769979,1.2752936923984457,0
1122,0.8130922021837174,1.9861481628010615,0
1123,1.3014531468805504,0.8340849042789068,0
1124,0.25682965209032316,0.5632650344112398,0
1125,0.39587934303694583,-0.30390533864592517,0
1126,0.0502828096026503,1.6991410365791273,0
1127,2.2109335607952554,2.009296632408347,0
1128,-1.3276605516917752,-0.9468422227888666,0
1129,1.4469122052676908,0.9057008364472778,0
1130,1.9839621429511043,2.1862098581899785,0
1131,-0.26999326327418216,1.2073701097996157,0
1132,0.21257798303346298,0.6219194194996788,0
1133,2.337562368515067,2.1389740670396535,0
1134,0.8378143833569415,1.2288637236579454,0
1135,0.29234864532322546,-0.4169310852070358,0
1136,0.749558793379458,1.7331412094799954,0
1137,1.8978238347578298,0.26225272646353903,0
1138,1.5118878536539588,1.2158870797785684,0
1139,0.2618439032950036,1.1588864025169447,0
1140,2.0369709636104547,1.9651642296608973,0
1141,0.3638461950627663,2.157795798604896,0
1142,2.71282995033285,0.11423781793358334,0
1143,0.01720604005121462,0.19983002590641918,0
1144,1.5991429927939669,-0.8033298804420597,0
1145,2.1164894031539356,0.6311166085907819,0
1146,0.6032861383833814,2.699990924230228,0
1147,-0.5707670323025953,2.607838509395176,0
1148,2.283424865930681,0.9368015213263888,0
1149,0.5979841911848647,1.8722689208084573,0
1150,0.599440463202052,1.911730736996709,0
1151,1.4040923728237589,-0.09249501858760611,0
1152,0.5275489144746599,0.5478120767311049,0
1153,-0.9603843158656038,0.9349793236792197,0
1154,2.256836029586875,1.6776704425741906,0
1155,0.7826344289622141,1.545576475791921,0
1156,1.6198219424487128,0.048730845946616586,0
1157,0.4265024604572797,1.8126116509274333,0
1158,0.030594984860908725,2.566015270912649,0
1159,2.6895505764857965,1.6430649096842096,0
1160,0.481284521663623,-0.4574968156207311,0
1161,-1.4851187486495672,2.351916539268945,0
1162,1.1708328040707914,0.48582904899872237,0
1163,1.9624768437832554,1.9247142703491578,0
1164,-0.2563844134469362,0.4258407651466726,0
1165,1.0584298031279336,0.6237584614287004,0
1166,1.075765091813418,2.4150028103260004,0
1167,0.2814224783130448,1.4213926080608892,0
1168,1.5664131049798062,-0.211076697576976,0
1169,2.609767932574786,1.7163047698986391,0
1170,1.840962640241647,0.8018056552864957,0
1171,1.2730376861402106,-0.022452345657894224,0
1172,0.6379205378940861,1.7757146619623014,0
1173,1.648974313777968,1.6585960778333768,0
1174,-1.476579457559573,1.1142360033704988,0
1175,0.09919080785435508,0.94487859268729,0
1176,1.5298860264701493,0.7067391455613057,0
1177,1.2655001646787185,-0.144908913519181,0
1178,0.7873598444888883,0.5539469266110704,0
1179,-0.5869969209027335,-0.6637978360624244,0
1180,0.7230386691208692,0.3425527679141104,0
1181,0.5679928967165541,0.31144389968888364,0
1182,1.8732724881189933,1.0499094627424088,0
1183,-1.2272471717019653,0.9786566852627068,0
1184,-0.1550798073723083,3.2325931464891893,0
1185,2.340352694407054,2.5277866808474045,0
1186,0.8275344137691438,0.29135745536027935,0
1187,1.8561561472107895,0.6967696751371979,0
1188,0.1284548193952264,0.7648014824905007,0
1189,1.2644508314161962,2.7423935425684416,0
1190,-0.8425761189298067,0.4429260947672704,0
1191,0.3712765495970428,0.5287404938044726,0
1192,1.4432488993487607,1.3960549461445322,0
1193,1.4373388754776328,0.08904462774468425,0
1194,1.5617405817294832,1.831654645057946,0
1195,3.2821730492052574,1.128660313563428,0
1196,1.200802962197302,0.826767881050161,0
1197,2.3443673086654826,0.1578956407442782,0
1198,0.020395857266409245,3.4184460869692694,0
1199,0.8758224141608001,1.032084885997601,0
1200,-1.9770846856269664,1.0145824359322475,1
1201,0.009361725062205117,-0.004167425511048872,1
1202,-1.1405626270054505,-1.3445454666995165,1
1203,2.2949749504874615,0.9578199707513645,1
1204,-0.3099771693461957,0.7725569358067708,1
1205,-1.4573331520865582,-1.3477212981365776,1
1206,-1.2956469855808452,1.4375511138122348,1
1207,-0.3528955295354069,0.5456063570417758,1
1208,-0.7944430488927055,0.06773798077767412,1
1209,-1.919269204817493,0.8800095744881782,1
1210,0.0038255344654600787,-0.6407189566560287,1
1211,-1.6243059850101023,0.4814233459928957,1
1212,-3.0354825737200444,1.3292261081210892,1
1213,0.008345375004413347,0.6598865738259199,1
1214,-0.3817517128960165,0.7250486897212869,1
1215,-1.5385240061493688,1.432918387536157,1
1216,-0.21286369614177025,0.12771372463814878,1
1217,0.6769779054016523,1.2102091614248187,1
1218,0.3229842507596976,1.4019708260344508,1
1219,0.5967146937901469,1.645556790710009,1
1220,-0.8336769307482111,2.3309590694511177,1
1221,-1.1829178306908652,0.10665776704913821,1
1222,-0.7701985579627039,2.0070557104859903,1
1223,-2.089762512960428,2.2159899582556,1
1224,-1.9778309992284484,1.4303703188872254,1
1225,-0.4569500709044151,0.9753492332723765,1
1226,0.07862173609693435,0.7107870569502814,1
1227,-0.10112259199296236,4.986736871665541,1
1228,-0.9449111297247128,1.9459841678250522,1
1229,-0.045890694739299964,0.41923157050698745,1
1230,-0.9368229561875066,0.45207531531013645,1
1231,-1.126143128559844,0.23724493690202753,1
1232,0.7328059329701291,2.0378610822380483,1
1233,-0.8123468160773994,-0.424054476557705,1
1234,1.6928294625945601,1.2753899300481613,1
1235,-1.9137183742279635,-0.8234531173840904,1
1236,-1.6522467135047074,0.9158138916766253,1
1237,0.3051247495860274,1.174910532307751,1
1238,-0.7997371964466174,1.5377836456803144,1
1239,-1.188961153171861,0.029091847202473486,1
1240,-1.0722862646958187,0.5909957535655043,1
1241,-3.1048580666703574,-0.07271933776554018,1
1242,-2.533898094639027,2.4133972246291817,1
1243,0.4681378625449484,0.6270366839077546,1
1244,-0.7838085136700662,1.2095427503082037,1
1245,-0.8596561364847135,0.6338981071983826,1
1246,-1.3255749652943276,-1.9516346108432745,1
1247,0.9884588584215612,1.0293549142163745,1
1248,-1.7395753076485787,2.184197110500493,1
1249,-1.378207374261553,1.461015760529279,1
1250,-0.8842576891921708,0.2651851401984854,1
1251,0.8471394531926257,2.644156784083307,1
1252,-1.2641933890388906,1.4999505388484833,1
1253,-0.40957774169183914,2.0866619727981535,1
1254,-1.7662728908956027,2.0250090997937273,1
1255,-1.4194387459309203,0.41177775538276074,1
1256,-1.3707815232158778,0.6682102328679849,1
1257,-0.8072387038610225,0.823893351889381,1
1258,-2.5719581878708553,1.3271744893822714,1
1259,-1.9515432236951056,0.09524499624279725,1
1260,1.4514525623304988,0.5007272171460344,1
1261,1.3819039393584318,1.3653018227054905,1
1262,0.1491452618697009,2.9910649704876047,1
1263,-1.1640249067522965,0.6669617487373077,1
1264,-0.3711945467640301,0.2638974677684738,1
1265,-0.3374276540176939,2.5368098995171153,1
1266,-1.1362567068859442,0.6829078369237334,1
1267,-0.35547394287767375,1.7816506618466983,1
1268,-0.7426422210721372,-0.5022777114648262,1
1269,-2.4602412321189524,1.0628073291824622,1
1270,-2.1304390662931305,2.1902047768251633,1
1271,-2.576084460141341,0.46662218847776915,1
1272,-1.3083111517269352,0.2991669951713132,1
1273,-0.2339071076834286,2.310431433223469,1
1274,-1.2664176115154429,1.3042789069543526,1
1275,-1.4672338171694737,0.2563140520790781,1
1276,-2.0164933187216336,0.3253008529156186,1
1277,-2.322115646477988,0.44451242725898843,1
1278,-1.5389535606961529,0.10400395804396556,1
1279,-2.6874279820860867,-0.4654672151103545,1
1280,-0.11099785005223894,0.8564000408968403,1
1281,-0.3389697494020567,0.9114447880820311,1
1282,-2.150063736909064,1.0244063793814184,1
1283,-1.2027164209366594,0.059384912470276774,1
1284,0.5297004701377013,1.9401284677745567,1
1285,-0.16117323555954233,2.4987620165174427,1
1286,-2.3705089984588117,1.0535500816363714,1
1287,-1.181338995878858,0.6247633681049287,1
1288,-3.5974613857904663,1.8303442505609508,1
1289,-0.840333052165833,0.9160550269550964,1
1290,-1.2943170649121338,0.2321198359488409,1
1291,0.5576490558769374,-1.2413058536498331,1
1292,-1.0816621372680602,0.7106393962404483,1
1293,-1.9241744297475674,1.0275564920593532,1
1294,-2.089663631394124,1.7955199365528387,1
1295,-0.5783679326372304,-1.1430185465619553,1
1296,-1.7601560982798432,1.6118240711067986,1
1297,-0.6636725270748767,0.7067519443516791,1
1298,0.4701515225273023,1.1822556645680062,1
1299,-0.7997207934844202,1.7309187023873807,1
1300,-0.9176902649860141,0.8033076773864296,1
1301,-0.23036874527487128,1.7166046359244298,1
1302,-0.49975930879285,0.9038392335002992,1
1303,-0.23329548327018623,1.5638237128620154,1
1304,-2.483292577741789,1.7896792563176809,1
1305,-1.3266463579224619,3.1472887517643557,1
1306,0.3889217788901975,2.162128604328386,1
1307,1.2204320418471228,1.5221253203650407,1
1308,-2.271318365210071,0.9774374502075007,1
1309,-0.7964458614592664,0.02382709556483198,1
1310,-0.20727304962031834,0.5270102894870042,1
1311,0.08170423563602025,0.728685670550991,1
1312,-1.652960251028383,2.981442267359027,1
1313,1.2085036821489803,-0.2744334144801459,1
1314,-1.2357840172936532,-0.034951101556744746,1
1315,-0.5028531923298124,1.1148598805476833,1
1316,-0.55002855787624,-0.6137209491013758,1
1317,1.6949531656608001,-0.34314918594040544,1
1318,-2.4255134312785733,1.9115682276451782,1
1319,-1.5240755241683637,2.1707118209430467,1
1320,0.036834450980393285,1.544538747781925,1
1321,-2.88705721986395,0.12571696450065295,1
1322,-1.2931306706365537,1.8969118250329244,1
1323,-1.3680977270010772,0.4065967706544974,1
1324,-1.6528682228182805,0.6050940319853604,1
1325,-1.145395721444959,2.368466229045172,1
1326,-1.6022729133873561,-0.20509376613157482,1
1327,0.41155487217715603,1.5387670401114113,1
1328,-2.897896910685115,1.4477981237125304,1
1329,-1.5594620140430262,-0.2770493230437163,1
1330,-0.9737214610933378,-0.13982351004568305,1
1331,-1.3568745618620532,2.2181203919233026,1
1332,-1.4870592982161608,1.5950122235905486,1
1333,-0.7596947802559353,1.7693352900749793,1
1334,-0.972324300455052,-0.05871585079803032,1
1335,-0.9477482623646237,-0.5323588002331039,1
1336,-0.8005795847591677,4.023312572375572,1
1337,-1.6080585143062471,0.7151005554920395,1
1338,-3.059725002163028,0.7383599899064761,1
1339,-2.1880127937325025,0.1038215771790022,1
1340,-2.3412330539908695,0.4941760820453235,1
1341,-1.5777376788258852,0.09669513132082364,1
1342,-1.0448676080381323,0.26919866242510615,1
1343,0.7643613576569404,1.6189793810419437,1
1344,0.5814626380995156,-0.8759785456803644,1
1345,-1.898464745170065,1.9014251330850067,1
1346,-3.067373681097305,-0.03513198103663684,1
1347,-2.2318998039591467,-1.7150719832138126,1
1348,-0.06344285757522539,-1.4490132398081235,1
1349,-0.27657979728939364,2.160396668051893,1
1350,-0.7712936096122278,2.6966732502593276,1
1351,-1.1694536973225165,0.8619488915185626,1
1352,-0.11321182010750974,2.1630114816825925,1
1353,-1.5194616212959036,0.9859612460962519,1
1354,-1.8151429048262806,-0.7276748107381068,1
1355,-1.1550619456086229,1.0854393232558415,1
1356,-0.474250515347578,0.21951057020120968,1
1357,-0.9455931715245782,1.2094130071717974,1
1358,-1.9072683555405936,0.6533298605220268,1
1359,0.25114673581497304,-0.9302680983038836,1
1360,-0.9446830699790275,0.14168951951592168,1
1361,-1.4189245761838687,2.085229780332065,1
1362,0.3056100838889977,-0.17056085107722496,1
1363,-3.77213303563764,1.3660147052095697,1
1364,-1.8132189868950026,2.1140903616278557,1
1365,-0.4398304552486607,0.4583577882779015,1
1366,-1.5034611625891539,0.46589930943292013,1
1367,-0.3232320322745281,0.34541108123799835,1
1368,-1.4918510212501972,0.14618496632243283,1
1369,-1.6450819041652336,0.4188478200550265,1
1370,-1.9869250325677799,2.7230276800562123,1
1371,-2.0482627969991563,1.1752652009055504,1
1372,-0.844026952042752,-0.2303168712765291,1
1373,-1.120180425894053,1.8987344332492953,1
1374,0.05421591144055049,2.0763426361698376,1
1375,-0.9306276003616987,0.4897138431348663,1
1376,-1.7847255573298997,2.3374634533012646,1
1377,-0.39216251711615435,1.4476078907680334,1
1378,-0.2999617423065054,1.1173583675328371,1
1379,-1.5017780516072023,1.2513860589746095,1
1380,-1.1086865486667876,0.5003248887723857,1
1381,0.4545646613111445,1.3733383120462674,1
1382,-1.075726762860674,1.1686946805346357,1
1383,-0.6244886146779238,3.7462701596877452,1
1384,0.6184130220536621,2.128474642342465,1
1385,-0.5720391350503136,0.9121418366790573,1
1386,-1.779661583903886,0.9124587537674,1
1387,0.13344949015036822,3.0792981091947786,1
1388,-0.2557641594595075,0.16588989816145316,1
1389,-0.8896688368616957,2.7417417171594503,1
1390,-0.7552689257103464,1.377357463044841,1
1391,-1.0327945731016457,-1.1173338488242606,1
1392,-1.147065106492613,0.6830409558964067,1
1393,-1.3052118253100489,0.21843800435321437,1
1394,-0.32079343082692613,1.881766200117088,1
1395,-1.1903611323657053,0.3743947034871068,1
1396,-0.27927797881869776,1.705301872080029,1
1397,-0.8601807304842148,1.3184234554956513,1
1398,-1.6018823491696088,0.9823385089685014,1
1399,-2.0253814551572935,1.731741319154391,1
1400,-0.3437725527445067,1.0457317176303789,1
1401,-2.069344671008597,1.0815063891491294,1
1402,1.0179266014951667,0.5527622134497676,1
1403,-0.5510593952205709,1.53736258879009,1
1404,-1.7588165072622652,0.646702622140013,1
1405,0.6507333876854187,-0.184983699753823,1
1406,-1.6416693740642576,-0.4921291930476719,1
1407,-1.3603071997771023,2.0594530668004993,1
1408,-0.48407048377525774,1.6715627037825798,1
1409,-2.490000268669986,2.080083144780904,1
1410,-0.6171686346033696,1.7084904430628876,1
1411,0.8298333155133941,-0.09524423417653338,1
1412,-2.3586308154781985,0.0525458763748059,1
1413,-0.4854278666423456,2.09620907606484,1
1414,-0.5187853083581762,0.5031461739913601,1
1415,-1.5555746340157328,0.9693600116697568,1
1416,0.3248675171972839,0.9384862066363882,1
1417,-0.2501970712059859,1.7627657471636269,1
1418,-0.560182926516525,2.011292300027052,1
1419,-1.1719312549082912,1.3913516115949824,1
1420,-0.3605682199871162,0.31713404408713963,1
1421,-0.5396003718233084,1.2770756798060106,1
1422,-1.2694749684932907,-0.2445837058705027,1
1423,0.37640216529765547,1.5175681984269747,1
1424,0.3681534595808331,1.0379050028428858,1
1425,-1.567143104255935,0.5866580751351906,1
1426,-3.3311813069469736,1.7922853886083514,1
1427,0.8544706157653341,0.27061196324694514,1
1428,0.41948051603577197,3.103170085652839,1
1429,-1.026118549771352,2.332567572000414,1
1430,-2.112028777205861,1.787787588977496,1
1431,-0.3685237114455726,2.577695897649809,1
1432,-2.1344686978686545,1.2686298812868781,1
1433,-1.26874742137673,1.219198758888071,1
1434,0.3068811350392966,2.50073925975006,1
1435,-0.5060479190165794,0.6751846950492824,1
1436,-0.4000797852297452,0.9496280979279178,1
1437,-0.836146610379059,0.6166856648749044,1
1438,-0.06723132299193268,1.3380798478171294,1
1439,-1.498151386834242,1.6241619880793785,1
1440,-2.584224874525371,0.932057179881123,1
1441,-1.4629909918766373,0.5293782630594124,1
1442,-2.3637024578285524,0.959421096863672,1
1443,-0.6426714060636705,1.913168356556055,1
1444,-1.15005683487205,0.4122724510978055,1
1445,-0.6107784550622277,3.4485746716710626,1
1446,-0.7579986935614367,0.8736119305363357,1
1447,-0.9484256521515679,1.2328469861777456,1
1448,-0.9699524162591088,1.3097044586289754,1
1449,-0.7846127769368045,2.0866708757090358,1
1450,-1.390438428295224,1.1394403747862072,1
1451,-0.14387538802865085,1.4253180039526752,1
1452,0.29422824914925405,0.5452892097789868,1
1453,-2.2948764406096647,1.2228958193140465,1
1454,-1.8815884526838562,2.280355633061432,1
1455,-1.1959855337156908,0.7714718014025341,1
1456,-0.8292786769481504,1.9221411783893494,1
1457,-1.951229609145313,-0.5428496397065738,1
1458,-1.8351656930709164,0.3279795352433006,1
1459,-0.6429303073108097,0.8112989208416364,1
1460,0.6635460064720871,1.5993173652677066,1
1461,0.12337583958511367,-0.010707657170591967,1
1462,-2.2655689127675522,1.51213171380211,1
1463,-1.1311893903967987,1.5187705287418694,1
1464,-1.5172402400730052,-0.07577867206284505,1
1465,0.3608780293211671,1.2025629524260155,1
1466,1.2405782635784965,1.0944678014921105,1
1467,-0.5337982571127252,-0.02122334287394878,1
1468,-0.968480226397146,-1.0525248909932565,1
1469,-1.3839678790269956,1.7435145220741801,1
1470,0.5389323500740091,0.5233422648776056,1
1471,-1.1208309685722169,0.3713478655870064,1
1472,-1.0290994012752768,1.6989431293917912,1
1473,0.06622166219506465,1.9003550782168568,1
1474,-2.2516690652641915,1.1229091613622657,1
1475,-1.3490022509250892,0.872068364267949,1
1476,0.44837565986589256,1.583061287661554,1
1477,-1.533990298384412,1.3205540377470728,1
1478,-0.5504407793020947,1.0141115168485517,1
1479,-0.17112928289769147,2.598149788913939,1
1480,-0.5570039065694716,-0.03957301074984643,1
1481,-0.043538309020938804,0.5034503536932018,1
1482,-0.5133363098445325,2.79333615037955,1
1483,-0.3727780514586033,2.294801367000904,1
1484,-2.1940282632158956,1.5614505161074241,1
1485,-1.7389426134896127,0.792915148709441,1
1486,-1.9562022600124878,2.448681275309448,1
1487,0.07216747067170681,1.6070893523462981,1
1488,-0.47034393219580894,1.5892636176881219,1
1489,0.25956517315693173,1.6330660907466164,1
1490,-0.8214363624940395,2.0034507005469395,1
1491,-1.9702939058655708,1.8390352324324675,1
1492,-1.8802173940575995,2.0712607069716666,1
1493,-0.5629375446908402,0.8977918136545767,1
1494,-1.2447953440717427,1.6594445025170885,1
1495,-0.47930738044126797,1.9672165431763817,1
1496,-3.1629747275783853,1.1490483730247791,1
1497,-1.2070525681100734,0.03692934203727105,1
1498,0.222751314950262,0.0043264889047730515,1
1499,-2.436001899082086,1.0274467228694482,1
1500,-0.6817677304462766,3.082415652444534,1
1501,-1.475836055684652,1.726843985394134,1
1502,-0.6023435645334825,-0.29858077254609583,1
1503,-2.5075069163612396,1.497423150699654,1
1504,-0.8276554347360233,1.7892351226802,1
1505,-1.1136564573172338,-0.3063489746789658,1
1506,-1.4028884981168774,1.7916793215102855,1
1507,-0.6244070990798571,-0.5083762454870759,1
1508,-1.6175930986736744,2.182939486730813,1
1509,-2.8362783762911516,1.5101738995794793,1
1510,-2.583689949942553,2.2065657588628698,1
1511,-0.5491360704577932,1.7198648796093259,1
1512,-2.0201315795224417,-0.20354769661496652,1
1513,0.30497991932708834,1.330293087518289,1
1514,-1.6322285531828187,1.9137262910249668,1
1515,-0.6624095442208746,3.4150384551711266,1
1516,-0.7367528689103153,0.42171270131207705,1
1517,-2.0069223426617926,1.3498200904458122,1
1518,-2.957620621946808,1.3525952014652727,1
1519,-1.0868557234176845,0.6307164856197552,1
1520,-2.0091512903711095,1.2682675981782818,1
1521,-2.170282227820632,1.309260747456587,1
1522,1.1770551350006486,-0.5319543526689181,1
1523,-2.1274201082238626,1.5303326342272296,1
1524,-2.5868974563471463,0.5034255416809609,1
1525,-0.3573394395549856,-0.3510517672729687,1
1526,-1.9076139520870354,1.5247665779798223,1
1527,-1.7272870184721296,1.6597697480591487,1
1528,-2.1856287178646694,1.7722766692147376,1
1529,-1.7903511645592136,1.193006936327518,1
1530,-1.9410001253652296,0.03062134088305435,1
1531,0.9943833255750227,-0.06450869778642665,1
1532,0.5020714326297204,0.45756355318244324,1
1533,-0.6258285993057087,1.9973752434230265,1
1534,-0.8680370259459188,1.0912649577750173,1
1535,0.915780899217959,2.1642447575430426,1
1536,-0.8449142926553608,-0.0788387200376921,1
1537,0.020579972457793083,-0.9555057603653443,1
1538,-0.8658099822307772,2.035201918589195,1
1539,-2.069154712771308,1.986241514366728,1
1540,-0.3865120459903443,-0.756881165047949,1
1541,-1.0837530489702583,2.15004029123161,1
1542,-0.5508747471857953,2.3823228664150427,1
1543,-1.5559883169405766,0.9731019936235662,1
1544,-1.6817079522092935,1.3517758362451795,1
1545,-1.463687806074954,1.8501914669715842,1
1546,0.21248072683419172,0.32616780034777726,1
1547,-1.0240978942229813,1.6796159950090672,1
1548,-0.40691515086430197,1.1369075306688499,1
1549,-0.8044485930084481,0.759044523468478,1
1550,-0.02910034930664296,0.9774219956766975,1
1551,-0.18152018599532938,3.015843200027082,1
1552,-2.6208587264521124,3.1590561839442577,1
1553,-1.3389985122614239,0.9623619565697448,1
1554,-0.16541324047092254,1.0138733813702296,1
1555,-0.5639008291601093,2.9733052190731213,1
1556,-0.5718981823367763,0.05704690129522738,1
1557,-2.825982434580439,0.4550167175357901,1
1558,-0.5669045956839708,2.6439402488852153,1
1559,-0.8935252612859255,1.9171106443906505,1
1560,-1.4822774164669337,1.6590727261870146,1
1561,-0.2896334675831629,-1.0645658150022754,1
1562,-0.6018787912290874,2.3484918794396608,1
1563,-0.08335666698360977,-0.3240843273345435,1
1564,0.39355351924062654,0.09204768584932466,1
1565,-1.512652380176188,0.5897500610745381,1
1566,0.29829343153640764,2.1745001296770674,1
1567,-1.516623108216164,1.8166351048151144,1
1568,-1.5587320903130517,0.40483969182000656,1
1569,-1.4571280991807132,0.6397745990107448,1
1570,-2.1910699976937407,2.075582929274563,1
1571,-0.6204880283116394,0.4879032001940543,1
1572,-1.6243329292604787,1.624690732161373,1
1573,-2.3963818527666128,1.9543913851603327,1
1574,-0.6599964785710344,2.0810053509332604,1
1575,-2.034361818249752,0.6948641339616477,1
1576,-0.9784189814864447,0.5280646491760543,1
1577,-0.4712179419159319,0.40569800322940597,1
1578,-0.8242051565976056,1.8679672726105792,1
1579,-0.46306153990402166,-0.36135973848805025,1
1580,-1.8927900444552541,2.0936346802071277,1
1581,-0.8436672247016439,0.3118730357132252,1
1582,-2.4825933415073624,-2.2284171717128167,1
1583,0.30836870715885256,2.5457016862681323,1
1584,-0.4866647844939339,1.8891801910851211,1
1585,0.21617655264308366,0.7881281594445623,1
1586,-0.4981538016036213,-1.4709677574272244,1
1587,-0.8101467407931094,0.006128418930139712,1
1588,-2.0395781795129144,-0.6159564361797387,1
1589,0.2472459117760306,-1.0756416497508599,1
1590,-0.2977680800838872,-0.46211990413472237,1
1591,-0.6862952732038121,-0.20332938558082514,1
1592,-0.929948354272156,-0.17020442689994542,1
1593,0.726792139762686,0.4397239895835291,1
1594,-1.4102131312065036,0.38630783435338945,1
1595,-1.7704884051172092,1.641655013582981,1
1596,-2.130724013917722,-0.4967154234539666,1
1597,0.22187748891539005,0.4295838041827075,1
1598,0.00420890813447139,1.5422521787226369,1
1599,0.44415373288188387,0.42575679553377765,1
1600,0.5053269034198988,-0.5107304866762931,1
1601,0.5937969117127365,-0.15361338886111553,1
1602,1.9768592740563338,-0.5502618190476409,1
1603,1.271231473767466,-0.31671027944564667,1
1604,0.20076476223334583,-0.612221370467549,1
1605,0.9336346465684073,-0.40266870053536663,1
1606,0.8160449591363828,-0.5319349923891621,1
1607,0.2775776818833676,-0.6997309056991873,1
1608,2.0943879362661058,-1.1433679916234258,1
1609,1.0231754273837046,-0.8972447782233565,1
1610,2.3320334472810886,-1.654179747213648,1
1611,2.47524785369127,-0.49101346669258794,1
1612,0.7167144826257469,-1.471871780985309,1
1613,-0.2967804818812234,-1.4125475759297674,1
1614,-0.12390019131058749,-1.2063260706570773,1
1615,0.13460997347568182,-1.1353704461986378,1
1616,1.3320920644490966,-1.502550871073578,1
1617,1.2622439001375458,-0.5548003324107073,1
1618,1.8407155377895303,-1.433288034661158,1
1619,0.8616903183083886,-1.1722159899903821,1
1620,2.1908659606329746,-0.8555634626596249,1
1621,1.7239212743228935,-1.8557361885001797,1
1622,0.8623945342777595,-1.6286518465969826,1
1623,0.9348133073057611,-1.5072852743208913,1
1624,0.4982504441596105,-1.194988742184044,1
1625,0.1570096944418432,-1.3077986207325258,1
1626,-0.07685656822782327,-1.2254957521762107,1
1627,1.7420910471974096,1.7160282028117964,1
1628,0.11700034281072069,-1.433107801126275,1
1629,1.204315806966607,-1.305676969417353,1
1630,2.311135191083509,-1.5492759064207524,1
1631,0.4996853204595413,-0.6144632088857447,1
1632,1.3293468557916308,-1.909700907101713,1
1633,-0.6385600552123116,0.043700036236914874,1
1634,1.4990652879112805,-1.8528985295981608,1
1635,1.2673078048403739,-1.2233715165198327,1
1636,0.4721576875712338,-0.3642605090499593,1
1637,-0.6181632499354419,-0.8378041266776922,1
1638,-0.6745672309004913,0.38012809883870546,1
1639,-1.0298453591851513,-0.06098658357230269,1
1640,0.3865161717712594,-2.8738831887194594,1
1641,1.0507453852918769,-1.8892253462483106,1
1642,2.9155740528543928,-1.7890426746993828,1
1643,1.4446439813559053,-1.6395501004084583,1
1644,2.268038358049024,-0.6805750260686501,1
1645,2.968710598907113,-2.2957055004663465,1
1646,1.4437028223137172,-1.2897108610985093,1
1647,-0.6673881434322699,-0.06634280469940756,1
1648,1.4927042257954968,-1.0169809355956778,1
1649,0.7214216530867251,-1.330533623633055,1
1650,-1.1643022903135578,-0.9895462784174573,1
1651,0.32853524510412,0.32927033629198976,1
1652,1.3234687080502197,-1.4980152746265718,1
1653,1.763465667796264,-1.0037057902649678,1
1654,1.0200823857000252,-0.6219364193942825,1
1655,0.3136432658808599,-1.61295370152896,1
1656,1.5088763310299087,-1.7765519158839047,1
1657,0.9892418235121658,1.342974976980063,1
1658,1.3402127772997936,-1.8273823760657064,1
1659,1.1144992484085534,-1.7656077524810816,1
1660,3.1330140463357035,-2.092436988264144,1
1661,1.4044750335415626,-2.069927365027235,1
1662,2.2333906870513696,0.07588018120969253,1
1663,0.565416255775354,0.042709703009369715,1
1664,1.6967327913744068,-2.0371541741346237,1
1665,0.30878954203493414,-1.1954150829879362,1
1666,0.45470448897846794,-0.8007271284337387,1
1667,-0.1863296771865961,-1.6926992232631837,1
1668,1.6499550605497486,0.10335645930273984,1
1669,1.0008157983987365,-1.3932659524946578,1
1670,2.541318642703108,-2.487504613734565,1
1671,0.5058858087742205,-2.208960584434135,1
1672,0.6188591601648581,-0.09949648817897905,1
1673,1.6488007289541442,0.379044210623795,1
1674,1.9462125698137425,-2.3245876374865437,1
1675,0.6129446118674315,-1.808958933594052,1
1676,2.4720698886893073,-1.7507717071675244,1
1677,-0.22070268827423,-0.8019418098209992,1
1678,1.1182367207998365,-3.9230823348374466,1
1679,1.4060798796676168,-2.734974674621089,1
1680,0.42620894923807917,-0.628305314039936,1
1681,1.133065929514723,-1.692721426526919,1
1682,1.512225398740803,-2.7223351849116657,1
1683,0.6429638115496528,-1.119702877466211,1
1684,1.3168671840685793,-1.3021149411028277,1
1685,1.7644942085281756,-0.7208979325942808,1
1686,-0.5111942617352414,-3.0327273106734833,1
1687,0.589697043109967,-0.37733381525728316,1
1688,1.1423708352385689,-0.7554025831612684,1
1689,1.6696774437279314,0.5163475233678545,1
1690,-0.48425510683678263,-2.3423582210826384,1
1691,1.9906883777083448,-1.3733958898647327,1
1692,-0.11618151536732957,-1.4394915467624492,1
1693,-0.12000379797880001,-2.2669056877578644,1
1694,0.7490890122693332,-0.9017532121930131,1
1695,1.7768439655831298,-2.3689738100397117,1
1696,2.379396232038653,-0.19785696131126607,1
1697,1.7509310808818137,-0.878401574904203,1
1698,1.3217706309130155,-1.4555663506861771,1
1699,0.5328223995088286,-0.6078724503392758,1
1700,1.6800977037110036,-0.35638661176816566,1
1701,-0.4532016951813731,-1.7316087834877403,1
1702,0.8858386103925502,-0.9193296639783421,1
1703,0.7737212979845025,-1.3621381833543742,1
1704,-1.2491359244568598,-0.709930698795215,1
1705,-0.7987767871146769,-2.2614716332066096,1
1706,1.8251180790569506,-1.0677537145796248,1
1707,1.5164138934918627,0.0038819747869816013,1
1708,2.1732165059387603,-1.275518528801597,1
1709,0.8394472311974726,-3.0633658182096513,1
1710,0.41462403759570576,-0.6942313774462209,1
1711,0.853646948948361,-0.6754329754137612,1
1712,1.5556006916342702,-0.6679463046641418,1
1713,1.7429017924436736,-1.6830272823869614,1
1714,1.4622849266981692,-0.43931635678449543,1
1715,0.8109530870274683,-1.2877257024791309,1
1716,0.4846350871101073,-2.185714848691182,1
1717,1.4314638573724274,-1.3077676301869068,1
1718,1.009561123993743,-1.6863502004866748,1
1719,0.790561175055443,-2.0710933044962214,1
1720,2.2381229871142034,0.3062081511845818,1
1721,1.8124490278893242,-1.6726553208597785,1
1722,1.1430787112710499,-0.9402447448288865,1
1723,0.29813719068910616,-1.2502882908498427,1
1724,1.1434550457165218,0.31185597542930554,1
1725,1.446640602209006,-0.12415310572598004,1
1726,1.2933863190390136,-1.6694609824457822,1
1727,1.599727237134322,-0.9794630754633824,1
1728,2.7922991733518376,0.2764846543297774,1
1729,0.3187514000811492,-1.4254746024020584,1
1730,0.3218612710702865,1.0848012120605333,1
1731,1.65903804963301,-2.6855009098663527,1
1732,0.2912575534790792,0.4503508213601384,1
1733,0.8063744871364462,-0.726684987910068,1
1734,0.17394406397968054,-1.7775269162014227,1
1735,1.3316750424077155,0.46010021611331653,1
1736,2.1476176965310914,-0.7957992646365012,1
1737,1.0679876003903683,-0.1600408633674223,1
1738,-1.0301964319045265,-0.37679199557156917,1
1739,1.6204232189687149,-0.19773638448760533,1
1740,1.0099417121055176,-2.332545941720143,1
1741,0.8303548457842166,-0.951111905869795,1
1742,0.6129917377458958,-1.2949243220753637,1
1743,1.6297672643694618,0.13739579876798103,1
1744,0.7274986962085142,0.6036321590284364,1
1745,1.393778766828703,-1.962385953958037,1
1746,2.263997347591423,-1.8370302032309163,1
1747,2.179306937224078,-0.8660436987648474,1
1748,-1.6041253965284903,-3.0407051116198343,1
1749,-0.33738693987872437,-0.9927667436897801,1
1750,1.1338482453916765,-1.2041471918865305,1
1751,1.4367166364485562,-1.5759595421413768,1
1752,-1.0678514100110408,-1.3497186405402106,1
1753,-0.8977843161525749,-0.8578351780932886,1
1754,2.1685915828776112,-1.0947987750317496,1
1755,1.0942100005852937,0.1169139269778443,1
1756,1.643223896722167,-2.4300428404947754,1
1757,0.9594367399617865,-1.1612571313373632,1
1758,0.6534224437132435,-2.432338521327596,1
1759,1.846516572786916,-0.2823698432295526,1
1760,0.6337212289655096,-0.563391032828213,1
1761,2.1325050989481085,0.06325911767398584,1
1762,0.21364177853392052,0.17814672019167377,1
1763,0.9619203925765794,-0.3905054227864506,1
1764,0.9837845883382117,-0.6701687537036624,1
1765,0.5333392001398973,-1.5648938260285394,1
1766,-1.4986282752485862,-1.664998296838169,1
1767,1.5733175479709078,-0.4850595748991434,1
1768,0.7054719818092468,0.8769133762036174,1
1769,1.8645425959638993,-0.9869490318507674,1
1770,0.3739217609949175,-1.0065924863333087,1
1771,0.6205752260641555,-0.028712735151788626,1
1772,1.2272508742962365,-0.5866264518501627,1
1773,-0.71569151586961,-1.1865574428951569,1
1774,0.8269592093729623,-1.9021106007232125,1
1775,1.8601492011777656,-1.6079291017610213,1
1776,1.5672293042577357,-1.4587226769165678,1
1777,1.0212506019066856,-0.4166870192590416,1
1778,2.7584427245877663,-2.0626954291853963,1
1779,-0.21921812059638857,-0.8964073765425206,1
1780,2.1537611175009266,-3.1751524256103045,1
1781,0.46314271095173143,-1.9357660023405259,1
1782,-0.1267078366622698,-0.586922409691166,1
1783,2.366077901649464,0.1806474931027,1
1784,-0.007492233800438619,-2.9474197458144955,1
1785,2.485152016497052,-1.352448419254129,1
1786,2.9253262245235927,-1.9769772172162057,1
1787,0.9596541195079408,-2.8359666391716023,1
1788,2.883731146280282,-1.9928535804759533,1
1789,2.3087309987844007,0.4407211267309268,1
1790,2.990670216010316,-2.1380134587408306,1
1791,-1.2435153046953777,-3.5243237488240333,1
1792,1.9365164393796606,-0.9575379501856284,1
1793,2.7700037613277706,-2.380247649214608,1
1794,3.0173904875487505,-0.9149254305546807,1
1795,0.40705985372364906,-1.2747973248241427,1
1796,-0.11955221063435584,-0.6396771315780189,1
1797,1.0242716619636143,-0.8160452587998495,1
1798,0.8313560092168617,-1.740865827036098,1
1799,2.9457299971214845,-0.8658970540947508,1
1800,0.7541567392675419,-0.10427114848830743,1
1801,1.039301108772004,-3.3907391858950255,1
1802,1.1445344096733439,-1.0522892884459656,1
1803,0.8716747386803801,-2.0180805491888787,1
1804,-0.9132340679508182,-2.4047837761700137,1
1805,1.7144390668559621,-1.6742717554506217,1
1806,0.4130314662033021,-1.6030293813824226,1
1807,0.6867035211981188,0.06578543446909202,1
1808,1.2898764786663404,0.12193812316699026,1
1809,0.26157571202439445,0.759560576761461,1
1810,1.0828497623239528,-0.8981159349862751,1
1811,0.37610368213855794,-1.6468009356083506,1
1812,1.6080504685722499,-2.9026369185102627,1
1813,0.33698778962197473,-1.6557798057033015,1
1814,1.2348779985647553,-2.463667215898799,1
1815,0.6791191280239326,-2.6576456283084933,1
1816,2.6626487190686503,-1.2861778956221084,1
1817,1.6803519849831572,-2.809054308167304,1
1818,-0.42251524847343314,-0.6038150020496005,1
1819,1.7840231179018997,-0.47755747738038956,1
1820,-0.8650239233626773,-0.6977503788684618,1
1821,0.9129387002420651,-1.003955024631817,1
1822,2.8179480779063115,-2.1694194231464223,1
1823,1.2097680621121498,0.20650901938471145,1
1824,-0.6169709394383645,-0.8110609876161957,1
1825,1.3924304597540715,-0.5298815071182987,1
1826,1.2472378020060595,-1.4664343738058978,1
1827,0.34907766314624267,1.6794169602086049,1
1828,1.0999514949453184,-0.7562868889874845,1
1829,-0.2771009505043469,0.004439931749049331,1
1830,0.3659666549952766,-3.3217617578737997,1
1831,2.2127490512344665,-2.4361801904402545,1
1832,1.142935905192563,-1.5860051631849867,1
1833,0.9775125436109406,0.5542709015467704,1
1834,1.027698694780388,-0.07530475976317474,1
1835,0.5012339455784207,1.4698041577663576,1
1836,0.562208910683613,-1.4034047411494195,1
1837,2.5931446872749655,-1.7010207831402457,1
1838,-0.4422078736403059,-0.7631540064226241,1
1839,0.8836397280912363,-0.474863553772506,1
1840,1.8357121552947167,-2.6494297917191583,1
1841,1.1542105120222823,-1.4265265863425047,1
1842,1.106979159374035,-2.106797166260054,1
1843,3.2768014104905543,1.4349670260503022,1
1844,1.802977549333002,-1.1574967484773524,1
1845,1.4592586641768868,-1.1886150659157295,1
1846,1.4991068504380851,-0.5133185926914912,1
1847,0.11359300781182013,0.3176128366500419,1
1848,1.5120758281597806,-1.1325975094234406,1
1849,0.411511387528288,-0.7423077103638638,1
1850,-0.706953333958916,-0.7221575638301558,1
1851,2.88361194364923,-1.3521562589865845,1
1852,1.4419579382352137,-1.6745566737566788,1
1853,-0.4863409261574996,-1.2705817500727754,1
1854,1.138452352941201,-0.10289361123818552,1
1855,0.37799019852290894,-1.441482811087428,1
1856,1.0360337905502586,0.22066913397984034,1
1857,3.3269659229259796,0.7499422135191023,1
1858,1.2559663859245387,0.6119294852999813,1
1859,2.478865820700779,0.6623301631723433,1
1860,2.3823410691155553,0.5837930442468118,1
1861,-0.8637098195219943,-0.9026879230645783,1
1862,1.7682174078016104,0.26348050917473875,1
1863,-0.5225766160656717,-0.8420309925412863,1
1864,0.36137582463803675,-2.138791741990927,1
1865,1.9911499207568282,-1.5696040875550377,1
1866,1.356440862014556,-0.8940058985470517,1
1867,-0.3911120668598962,-1.3074583647418319,1
1868,2.8697111574070053,0.5171806378874861,1
1869,-0.20707007306234715,-1.5711833139325144,1
1870,-0.1620539411551729,0.17993400938045578,1
1871,0.41333633042409623,-0.5631444152750411,1
1872,1.630599045813888,-1.4325345776094704,1
1873,1.9154703899424455,-0.4773888439367274,1
1874,2.2775271897540392,-0.39091800588731684,1
1875,1.5249637122276503,-1.1078429740619433,1
1876,0.9302994620426588,-0.5084360418932015,1
1877,-1.6335465949517713,-0.9274692617895283,1
1878,1.4720076402541444,-1.4606257240306015,1
1879,3.2124179803536856,0.3602114169891222,1
1880,1.1252440209853087,-1.080275530890955,1
1881,0.798323829498695,0.011521222751673221,1
1882,2.2985815947099644,-3.2273388046122116,1
1883,1.7346864526112125,-1.743732750849238,1
1884,1.2745939964858617,-0.7165571618372572,1
1885,0.28987461424876004,-0.48488618646360004,1
1886,1.6581519566986285,-1.3131945376168859,1
1887,-0.14805288655281568,1.12480383153037,1
1888,1.6730577365138086,-0.5790081279439856,1
1889,2.555832588504835,-0.6856316525492372,1
1890,1.8666832787069074,1.1366064912563383,1
1891,2.887853102166483,-1.0850167292150836,1
1892,-0.09496467711250967,-2.045890046990331,1
1893,1.5650996173913603,-1.4520777016208304,1
1894,2.2941474894327856,-0.7146716432130362,1
1895,1.6510621536908823,-0.803001025193421,1
1896,2.034861314703422,-1.0081839768426513,1
1897,1.1367158415526826,-0.2179279407682525,1
1898,-0.9731715416868787,-3.562023596096217,1
1899,0.7086338505217007,-0.677274342433371,1
1900,1.6179914678806935,-1.0350439657157169,1
1901,1.9418499228141664,-1.2855524589307872,1
1902,0.5263258063874872,1.4267900315040571,1
1903,-0.1249853725825254,-1.773876805610239,1
1904,1.919443511098252,-0.17388467690145692,1
1905,1.68436472316926,-0.21333685620706877,1
1906,-0.2778158312776604,-0.1849335080112413,1
1907,1.2111022925725425,-0.35300462072636973,1
1908,0.18426623114766205,-3.0238051887821644,1
1909,1.3982645094169515,-1.1689583342024885,1
1910,0.6135005013936454,-0.26992866183563713,1
1911,0.43747243897403254,-2.3709191788796904,1
1912,0.9357958341932545,-1.3531597107478905,1
1913,1.9462786228701185,-0.5987126103757663,1
1914,1.7447835565221195,-1.057671429792989,1
1915,-0.6717590791073234,-0.19941127203961884,1
1916,0.43486539485021847,0.029951575384743467,1
1917,0.25249201382000985,-0.2474701762271041,1
1918,2.2253101856833153,-0.7394439422913631,1
1919,0.09991567338905893,-0.7527768586623567,1
1920,1.9331893627490315,-0.23022862046224124,1
1921,1.995164788901099,-2.934697252368519,1
1922,0.7842224654076446,-1.1180171291532695,1
1923,1.9015342006110152,-1.1142472763759348,1
1924,1.0301695720464652,0.9474852628054444,1
1925,1.0700727860265369,-0.7168160478938672,1
1926,-0.3412471388603233,-1.3000634707695844,1
1927,0.7586861522941286,-1.0559293088739001,1
1928,-0.7365949204412521,1.4268386633484629,1
1929,-0.3829054846650948,-0.2662215956974715,1
1930,0.7268458138656458,0.22114688118634662,1
1931,3.9508382613927244,0.24171856133107505,1
1932,1.780191799437601,-0.42388483918327613,1
1933,0.40313252956094003,0.04268796411469844,1
1934,1.1328711390517145,-0.8969953061740725,1
1935,1.0515874227054685,-1.6887319576049937,1
1936,1.1650286519936384,0.19501991117016382,1
1937,-1.1400834615202613,-1.1861726781176354,1
1938,1.9296866073089067,0.3441646493081312,1
1939,1.7127215629473898,-0.4761460028545671,1
1940,0.9004872932842231,-1.7602002035830964,1
1941,1.0886292608821935,-1.6158446733942875,1
1942,0.6460462018340127,-0.15332965211386873,1
1943,-1.1715840055209408,-0.03398031110186395,1
1944,-0.14549862970151395,-1.947378432710872,1
1945,0.9580190308469864,0.14575569558300683,1
1946,-0.4012231373359978,-0.9483462014383326,1
1947,0.32158020123633324,-0.8684131005825348,1
1948,0.506700470122291,0.6395791526541361,1
1949,0.5205669185409032,-1.174998522855144,1
1950,0.43882763371652656,-0.7914004643113193,1
1951,2.154216295749632,-2.1278439625446732,1
1952,1.342966679549404,-1.1915537487995833,1
1953,1.761886683783939,-0.03491749626989249,1
1954,1.3937283716129005,1.4696656461985893,1
1955,1.6770056950050907,0.002733269342463096,1
1956,-0.1400904075559597,-1.7962852809493661,1
1957,1.6956453479619988,-2.18573833837888,1
1958,0.9124078255181758,-2.1509774022461974,1
1959,1.8118588807889124,-0.6685759645704037,1
1960,1.5531136316160692,-0.5122797951070175,1
1961,-0.8407925756068497,-2.7138844815223964,1
1962,0.12786015824999653,0.18868227513117009,1
1963,0.684123707366546,0.008692531638342382,1
1964,-0.514047219842032,0.6277779349956194,1
1965,2.0834953040900244,-2.3381496023979933,1
1966,1.3811913944789755,-0.9220282146338442,1
1967,1.364693535441688,-1.3296364719189933,1
1968,0.9083987778254586,-1.535115712064668,1
1969,2.272552809717732,1.751745885050045,1
1970,-0.8305112964140304,1.2152836376857974,1
1971,1.5044274736103933,-0.6386818612567159,1
1972,1.7689568100084,0.1463722448679634,1
1973,1.6183560930632082,-1.5327580888691557,1
1974,1.1604453014283744,-2.033782050039317,1
1975,2.721826735464406,-0.262835378375178,1
1976,0.5152973014372539,-1.887270288544493,1
1977,-1.0546319077430502,-0.043585662831049254,1
1978,-1.0257729348384301,-1.3394197752433783,1
1979,0.32796794301605137,-1.6309192184728123,1
1980,1.4786105730867753,-1.1273280232682583,1
1981,0.6995595370868858,-1.4944814364050383,1
1982,3.640975781525545,0.35822625666303476,1
1983,1.1973959332069652,-2.471406538866,1
1984,1.3320906596079671,-1.5305298520960318,1
1985,1.1566220843584512,-1.087055299903707,1
1986,1.2360912693630994,-1.2756673103004412,1
1987,1.8155470160067753,-2.546568791999398,1
1988,1.3124326428233037,-0.5384256178817799,1
1989,-0.570458177663929,-1.0516946685746673,1
1990,0.6020028277352794,-0.1699977977344339,1
1991,0.14931554335970865,-0.4662003891922246,1
1992,1.246930723825642,1.0950931256924399,1
1993,0.8891580332678242,-0.8617398696944495,1
1994,0.1363565157872364,-1.7130452095397484,1
1995,1.8440912798148377,0.6002377605983449,1
1996,2.3541385564296657,0.0009224024516751861,1
1997,1.7638961131012616,-0.5115484716916463,1
1998,2.7037815247910557,-1.0292317059988652,1
1999,0.879775468638086,-0.3859005495072527,1
